accepted,latent_pod_modes,latent_pod_energy_capture,polynomial_order,method,alpha,smooth_window,use_time_poly,use_time_sine,use_state_sine,integrator,frequency,library_size,n_possible_terms,n_nonzero_terms,sparsity,derivative_l2_error,one_step_l2_error,free_integration_success,free_trajectory_l2_error,aic,derivative_rmse,derivative_mae,derivative_max_abs,derivative_rel_l2,derivative_r2,one_step_rmse,one_step_mae,one_step_max_abs,one_step_rel_l2,one_step_r2,free_rmse,free_mae,free_max_abs,free_rel_l2,free_r2,train_derivative_rmse,train_derivative_mae,train_derivative_max_abs,train_derivative_rel_l2,train_derivative_r2,val_derivative_rmse,val_derivative_mae,val_derivative_max_abs,val_derivative_rel_l2,val_derivative_r2,train_one_step_rmse,train_one_step_mae,train_one_step_max_abs,train_one_step_rel_l2,train_one_step_r2,val_one_step_rmse,val_one_step_mae,val_one_step_max_abs,val_one_step_rel_l2,val_one_step_r2,overfit_derivative_r2_gap,overfit_one_step_r2_gap,integration_message
False,4,0.8844708462803861,1,alasso,0.001,21,True,False,False,RK45,0.9900999541338871,8,32,30,0.0625,0.6439579366337507,0.3520686922425163,True,33.41369942421962,2895.244510459035,8.782660114638587,6.381820897837849,31.280753452568288,0.6439579366337507,0.5851652879682627,0.3520686922425336,0.22677133733163193,1.6491769541965617,0.3520686922425163,0.8760476359426324,33.41369942422127,15.69152469840917,165.87727076118512,33.41369942421962,-1115.4753092122023,8.313547825316217,5.9698077889074455,31.280753452568288,0.6303067043648386,0.600219674842873,10.469779641105607,8.050473989005983,28.20992380965222,0.683289179598419,0.5158109082767635,0.2998489355428183,0.18890550114613947,1.5605178524897068,0.29254867146404495,0.913998494730307,0.5116897817015257,0.38012797388287634,1.6491769541965617,0.5737562871345153,0.6321857273763826,0.08440876656610952,0.28181276735392446,
False,4,0.8844708462803861,1,alasso,0.001,21,True,False,False,Radau,0.9900999541338871,8,32,30,0.0625,0.6439579366337507,0.3520686922425163,True,33.413702256629705,2895.2445789515186,8.782660114638587,6.381820897837849,31.280753452568288,0.6439579366337507,0.5851652879682627,0.3520686922425336,0.22677133733163193,1.6491769541965617,0.3520686922425163,0.8760476359426324,33.41370225663136,15.69152581334463,165.8772858714776,33.413702256629705,-1115.475498494809,8.313547825316217,5.9698077889074455,31.280753452568288,0.6303067043648386,0.600219674842873,10.469779641105607,8.050473989005983,28.20992380965222,0.683289179598419,0.5158109082767635,0.2998489355428183,0.18890550114613947,1.5605178524897068,0.29254867146404495,0.913998494730307,0.5116897817015257,0.38012797388287634,1.6491769541965617,0.5737562871345153,0.6321857273763826,0.08440876656610952,0.28181276735392446,
False,4,0.8844708462803861,1,alasso,0.001,21,True,True,False,RK45,0.9900999541338871,10,40,40,0.0,0.42721466236548317,0.3619088195552492,True,2.6054136147666913,853.7338834095384,5.826593574045978,4.252641230982724,23.794455761599636,0.42721466236548317,0.8174203422872184,0.3619088195552671,0.2266041278614113,1.8900557695327693,0.3619088195552492,0.8690220063281134,2.60541361476682,1.6457277084813526,11.666953194614488,2.6054136147666913,-5.7881801040122935,5.383753100339466,4.026445881064372,17.975201688673927,0.4081790043301853,0.8323440821322915,7.3522101007448875,5.168732398152052,23.794455761599636,0.4798272533119601,0.7612322113848868,0.3027583356454324,0.1825793862810076,1.8900557695327693,0.295387237934979,0.9123214723929879,0.5387070617151031,0.4049043312620463,1.675401485019549,0.6040506858569543,0.5923190427289703,0.07111187074740466,0.3200024296640176,
False,4,0.8844708462803861,1,alasso,0.001,21,True,True,False,Radau,0.9900999541338871,10,40,40,0.0,0.42721466236548317,0.3619088195552492,True,2.605413651826599,853.7338949026866,5.826593574045978,4.252641230982724,23.794455761599636,0.42721466236548317,0.8174203422872184,0.3619088195552671,0.2266041278614113,1.8900557695327693,0.3619088195552492,0.8690220063281134,2.6054136518267272,1.6457278453971562,11.666949297068948,2.605413651826599,-5.788180297125068,5.383753100339466,4.026445881064372,17.975201688673927,0.4081790043301853,0.8323440821322915,7.3522101007448875,5.168732398152052,23.794455761599636,0.4798272533119601,0.7612322113848868,0.3027583356454324,0.1825793862810076,1.8900557695327693,0.295387237934979,0.9123214723929879,0.5387070617151031,0.4049043312620463,1.675401485019549,0.6040506858569543,0.5923190427289703,0.07111187074740466,0.3200024296640176,
False,4,0.8844708462803861,1,alasso,0.001,51,True,False,False,RK45,0.9900999541338871,8,32,28,0.125,0.24158063969192092,0.360645391728477,True,5.4268047720264985,1422.6112209462942,2.1492311594588482,1.5168296740455502,9.11569848157231,0.24158063969192092,0.9416386848885803,0.3606453917284948,0.22430277994629116,1.7324171905282904,0.360645391728477,0.8699349014250009,5.426804772026768,3.454991565813213,21.63007598801619,5.4268047720264985,-28.450210033692432,2.254347875155567,1.5820317530524717,9.11569848157231,0.29123739495802237,0.9130346824113005,1.656650544562422,1.2527612540675181,5.349333404679729,0.132199605124858,0.9794245671450739,0.30228405077762177,0.18283463470368005,1.716596370627059,0.2949245002310004,0.9125959621221857,0.5354973165366094,0.3922487681788661,1.7324171905282904,0.6004516077785598,0.5971626905934277,-0.06638988473377339,0.315433271528758,
False,4,0.8844708462803861,1,alasso,0.001,51,True,False,False,Radau,0.9900999541338871,8,32,28,0.125,0.24158063969192092,0.360645391728477,True,5.42679548523097,1422.6098382289267,2.1492311594588482,1.5168296740455502,9.11569848157231,0.24158063969192092,0.9416386848885803,0.3606453917284948,0.22430277994629116,1.7324171905282904,0.360645391728477,0.8699349014250009,5.426795485231239,3.4549862791417993,21.630038622092282,5.42679548523097,-28.450109238526085,2.254347875155567,1.5820317530524717,9.11569848157231,0.29123739495802237,0.9130346824113005,1.656650544562422,1.2527612540675181,5.349333404679729,0.132199605124858,0.9794245671450739,0.30228405077762177,0.18283463470368005,1.716596370627059,0.2949245002310004,0.9125959621221857,0.5354973165366094,0.3922487681788661,1.7324171905282904,0.6004516077785598,0.5971626905934277,-0.06638988473377339,0.315433271528758,
False,4,0.8844708462803861,1,alasso,0.001,51,True,True,False,RK45,0.9900999541338871,10,40,33,0.17500000000000004,0.18711885461321986,0.35926074335018715,True,0.8578188066377139,-57.916805359698415,1.6647098599036931,1.206109420909696,6.053526675579175,0.18711885461321986,0.9649864684718791,0.35926074335020486,0.22198602099147818,1.797719238109285,0.35926074335018715,0.8709317182874585,0.8578188066377563,0.6556086967522722,2.5204903724226835,0.8578188066377139,0.26414689497857724,1.7483883992342513,1.2625280877016356,6.053526675579175,0.2258728958292082,0.9476905623201126,1.270655915718106,0.9776138204023402,3.861851251037127,0.1013974919809463,0.9878956049103702,0.2990894132865215,0.17858873666687317,1.797719238109285,0.29180764089601985,0.9144336293678381,0.5380559359685846,0.3977450225061284,1.7032079763136059,0.6033205804217081,0.5933039607416667,-0.04020504259025759,0.3211296686261714,
False,4,0.8844708462803861,1,alasso,0.001,51,True,True,False,Radau,0.9900999541338871,10,40,33,0.17500000000000004,0.18711885461321986,0.35926074335018715,True,0.8578189431474177,-57.91667677796174,1.6647098599036931,1.206109420909696,6.053526675579175,0.18711885461321986,0.9649864684718791,0.35926074335020486,0.22198602099147818,1.797719238109285,0.35926074335018715,0.8709317182874585,0.8578189431474602,0.655608812417396,2.520490952494791,0.8578189431474177,0.26414666077737614,1.7483883992342513,1.2625280877016356,6.053526675579175,0.2258728958292082,0.9476905623201126,1.270655915718106,0.9776138204023402,3.861851251037127,0.1013974919809463,0.9878956049103702,0.2990894132865215,0.17858873666687317,1.797719238109285,0.29180764089601985,0.9144336293678381,0.5380559359685846,0.3977450225061284,1.7032079763136059,0.6033205804217081,0.5933039607416667,-0.04020504259025759,0.3211296686261714,
False,4,0.8844708462803861,1,alasso,0.01,21,True,False,False,RK45,0.9900999541338871,8,32,27,0.15625,0.7279882349309655,0.3566084688489818,True,1.4336092056219405,345.0377091165862,9.928712530940851,6.980858087678911,36.01075438989028,0.7279882349309655,0.46983773780382443,0.3566084688489995,0.2208571018308668,1.8273467440911553,0.3566084688489818,0.8728303999451724,1.4336092056220113,1.0417896230492574,4.243345273598402,1.4336092056219405,-1.0552353544441697,8.36552315638297,5.795986408661465,28.680053264674203,0.6342473083429856,0.5952052891095658,14.642357038144329,11.779588387699567,36.01075438989028,0.9556040786856762,0.05297399732065189,0.296414999830427,0.17897618911240185,1.6304508326158695,0.2891983399755092,0.9159570315129293,0.5351317400162028,0.39047479834064985,1.8273467440911553,0.6000416878729589,0.597712525628872,0.5422312917889139,0.3182445058840573,
False,4,0.8844708462803861,1,alasso,0.01,21,True,False,False,Radau,0.9900999541338871,8,32,27,0.15625,0.7279882349309655,0.3566084688489818,True,1.4336099168360847,345.0381099656347,9.928712530940851,6.980858087678911,36.01075438989028,0.7279882349309655,0.46983773780382443,0.3566084688489995,0.2208571018308668,1.8273467440911553,0.3566084688489818,0.8728303999451724,1.4336099168361556,1.0417900421606594,4.243346714440923,1.4336099168360847,-1.0552373936509643,8.36552315638297,5.795986408661465,28.680053264674203,0.6342473083429856,0.5952052891095658,14.642357038144329,11.779588387699567,36.01075438989028,0.9556040786856762,0.05297399732065189,0.296414999830427,0.17897618911240185,1.6304508326158695,0.2891983399755092,0.9159570315129293,0.5351317400162028,0.39047479834064985,1.8273467440911553,0.6000416878729589,0.597712525628872,0.5422312917889139,0.3182445058840573,
False,4,0.8844708462803861,1,alasso,0.01,21,True,True,False,RK45,0.9900999541338871,10,40,33,0.17500000000000004,0.5642524606944613,0.37063052275537783,True,9.615146157023942,1894.7783805299398,7.695592055333932,5.864995521429589,30.275945033050647,0.5642524606944613,0.6815017776619515,0.37063052275539615,0.23131910807676923,1.9546302902740238,0.37063052275537783,0.8626330156020621,9.615146157024418,4.787388275660826,61.353643559813484,9.615146157023942,-91.45103562094123,7.15617623368677,5.512103759250231,30.275945033050647,0.5425584783398446,0.7037825271276427,9.574331109794922,7.294207158255989,27.35690160084634,0.6248495263004937,0.595091583616421,0.31135400858904566,0.1869350955088061,1.9546302902740238,0.3037736365574761,0.9072722007035441,0.5487175326326785,0.41107435897701994,1.7198288278445453,0.6152753982345144,0.5770268857199334,0.10869094351122166,0.33024531498361065,
False,4,0.8844708462803861,1,alasso,0.01,21,True,True,False,Radau,0.9900999541338871,10,40,33,0.17500000000000004,0.5642524606944613,0.37063052275537783,True,9.615140212766471,1894.7778810095538,7.695592055333932,5.864995521429589,30.275945033050647,0.5642524606944613,0.6815017776619515,0.37063052275539615,0.23131910807676923,1.9546302902740238,0.37063052275537783,0.8626330156020621,9.615140212766947,4.78738594070188,61.35361595549942,9.615140212766471,-91.45092131116782,7.15617623368677,5.512103759250231,30.275945033050647,0.5425584783398446,0.7037825271276427,9.574331109794922,7.294207158255989,27.35690160084634,0.6248495263004937,0.595091583616421,0.31135400858904566,0.1869350955088061,1.9546302902740238,0.3037736365574761,0.9072722007035441,0.5487175326326785,0.41107435897701994,1.7198288278445453,0.6152753982345144,0.5770268857199334,0.10869094351122166,0.33024531498361065,
False,4,0.8844708462803861,1,alasso,0.01,51,True,False,False,RK45,0.9900999541338871,8,32,23,0.28125,0.2559937230721966,0.36342044785116145,True,225.49356824596495,4423.979642166901,2.2774576926126264,1.6611765253323656,9.465113791729767,0.2559937230721966,0.9344670906376293,0.36342044785117944,0.22619664284749888,1.7673459581127289,0.36342044785116145,0.8679255780836485,225.4935682459761,103.8258079426856,1132.5444973059286,225.49356824596495,-50846.34932030256,2.395705157885583,1.7539893697451197,9.465113791729767,0.3094992290051716,0.9017865527698422,1.717214433619123,1.2852845054607112,5.40128621173432,0.13703256295317082,0.9778926734855057,0.3044005619275452,0.18516998633978388,1.7669276320378238,0.29698948179889567,0.9113677183502671,0.5400963221178842,0.39235460170374453,1.7673459581127289,0.6056084595688155,0.5902136115677419,-0.07610612071566347,0.3211541067825252,
False,4,0.8844708462803861,1,alasso,0.01,51,True,False,False,Radau,0.9900999541338871,8,32,23,0.28125,0.2559937230721966,0.36342044785116145,True,225.49320232587883,4423.97833098241,2.2774576926126264,1.6611765253323656,9.465113791729767,0.2559937230721966,0.9344670906376293,0.36342044785117944,0.22619664284749888,1.7673459581127289,0.36342044785116145,0.8679255780836485,225.49320232588994,103.82564811639142,1132.5426398988143,225.49320232587883,-50846.18429518462,2.395705157885583,1.7539893697451197,9.465113791729767,0.3094992290051716,0.9017865527698422,1.717214433619123,1.2852845054607112,5.40128621173432,0.13703256295317082,0.9778926734855057,0.3044005619275452,0.18516998633978388,1.7669276320378238,0.29698948179889567,0.9113677183502671,0.5400963221178842,0.39235460170374453,1.7673459581127289,0.6056084595688155,0.5902136115677419,-0.07610612071566347,0.3211541067825252,
False,4,0.8844708462803861,1,alasso,0.01,51,True,True,False,RK45,0.9900999541338871,10,40,27,0.32499999999999996,0.19560231350169582,0.36076429475117017,True,4.143917943654206,1202.6864964437063,1.7401832678984415,1.2473656921676448,7.067718845576408,0.19560231350169582,0.9617396630769839,0.360764294751188,0.2247539264296798,1.7753847377683816,0.36076429475117017,0.8698491236326783,4.143917943654412,2.799004929301724,16.963269610210702,4.143917943654206,-16.172055923740967,1.8198605559025036,1.2958342863202428,7.067718845576408,0.2351063264587454,0.943326446645851,1.3709254267817104,1.0510678858496227,4.386208734587113,0.10939893188158167,0.9859098755783775,0.3008681557460337,0.18190241129744628,1.7753847377683816,0.29354307724987905,0.9134128435242088,0.539118961575084,0.39830256271522574,1.7072203867301194,0.6045125479905854,0.5916953719472442,-0.042583428932526535,0.3217174715769646,
False,4,0.8844708462803861,1,alasso,0.01,51,True,True,False,Radau,0.9900999541338871,10,40,27,0.32499999999999996,0.19560231350169582,0.36076429475117017,True,4.143910142049236,1202.684975249794,1.7401832678984415,1.2473656921676448,7.067718845576408,0.19560231350169582,0.9617396630769839,0.360764294751188,0.2247539264296798,1.7753847377683816,0.36076429475117017,0.8698491236326783,4.143910142049441,2.7990006307703887,16.96324233477221,4.143910142049236,-16.17199126538018,1.8198605559025036,1.2958342863202428,7.067718845576408,0.2351063264587454,0.943326446645851,1.3709254267817104,1.0510678858496227,4.386208734587113,0.10939893188158167,0.9859098755783775,0.3008681557460337,0.18190241129744628,1.7753847377683816,0.29354307724987905,0.9134128435242088,0.539118961575084,0.39830256271522574,1.7072203867301194,0.6045125479905854,0.5916953719472442,-0.042583428932526535,0.3217174715769646,
False,4,0.8844708462803861,1,alasso,0.1,21,True,False,False,RK45,0.9900999541338871,8,32,20,0.375,0.7396268435887722,0.35780681046588375,True,3.837276517362393,1126.568402757285,10.087446414372963,7.187006991240864,36.832576571244545,0.7396268435887722,0.45275044269957676,0.35780681046590146,0.2215065022388087,1.8326247385892809,0.35780681046588375,0.8719742863842188,3.837276517362583,2.5454533911811246,14.180791319641179,3.837276517362393,-13.724691070702281,8.659635438245282,6.0945115804031165,29.734062253309077,0.6565459643426947,0.5662416621888096,14.497037510572705,11.611613405133742,36.832576571244545,0.9461200910395372,0.07167842481993325,0.2974074668240205,0.17972659838797272,1.6304602911851247,0.29016664389802305,0.9153932981645498,0.5369380675672374,0.39071511283469434,1.8326247385892809,0.602067117783996,0.5949921137646144,0.4945632373688763,0.3204011843999355,
False,4,0.8844708462803861,1,alasso,0.1,21,True,False,False,Radau,0.9900999541338871,8,32,20,0.375,0.7396268435887722,0.35780681046588375,True,3.8372746647774987,1126.5680126657842,10.087446414372963,7.187006991240864,36.832576571244545,0.7396268435887722,0.45275044269957676,0.35780681046590146,0.2215065022388087,1.8326247385892809,0.35780681046588375,0.8719742863842188,3.8372746647776887,2.5454521920838458,14.180790787294942,3.8372746647774987,-13.72467685294469,8.659635438245282,6.0945115804031165,29.734062253309077,0.6565459643426947,0.5662416621888096,14.497037510572705,11.611613405133742,36.832576571244545,0.9461200910395372,0.07167842481993325,0.2974074668240205,0.17972659838797272,1.6304602911851247,0.29016664389802305,0.9153932981645498,0.5369380675672374,0.39071511283469434,1.8326247385892809,0.602067117783996,0.5949921137646144,0.4945632373688763,0.3204011843999355,
False,4,0.8844708462803861,1,alasso,0.1,21,True,True,False,RK45,0.9900999541338871,10,40,23,0.42500000000000004,0.7008191814519218,0.3654824100228849,True,757.1346058001124,5402.669170359977,9.558165716050684,6.759267334316667,46.53170437364757,0.7008191814519218,0.5086713951062048,0.365482410022903,0.22777235999626902,1.823232546550863,0.3654824100228849,0.866422607963851,757.1346058001499,299.56754526924476,5405.50936020443,757.1346058001124,-573251.811300147,7.354913014938594,5.431149010134516,23.451742745665786,0.5576260678045324,0.6871013427454334,15.565245477283346,12.138146547254392,46.53170437364757,1.0158345425594673,-0.07016777006471964,0.30357499519330294,0.18291541653068338,1.823232546550863,0.2961840147030386,0.9118478267830851,0.5489324458171225,0.40944298103189086,1.781204914752382,0.6155163797728846,0.5766954937189186,0.7572691128101531,0.3351523330641665,
False,4,0.8844708462803861,1,alasso,0.1,21,True,True,False,Radau,0.9900999541338871,10,40,23,0.42500000000000004,0.7008191814519218,0.3654824100228849,True,757.1338008037159,5402.668311282306,9.558165716050684,6.759267334316667,46.53170437364757,0.7008191814519218,0.5086713951062048,0.365482410022903,0.22777235999626902,1.823232546550863,0.3654824100228849,0.866422607963851,757.1338008037534,299.56724684451905,5405.503396200101,757.1338008037159,-573250.5923195364,7.354913014938594,5.431149010134516,23.451742745665786,0.5576260678045324,0.6871013427454334,15.565245477283346,12.138146547254392,46.53170437364757,1.0158345425594673,-0.07016777006471964,0.30357499519330294,0.18291541653068338,1.823232546550863,0.2961840147030386,0.9118478267830851,0.5489324458171225,0.40944298103189086,1.781204914752382,0.6155163797728846,0.5766954937189186,0.7572691128101531,0.3351523330641665,
False,4,0.8844708462803861,1,alasso,0.1,51,True,False,False,RK45,0.9900999541338871,8,32,18,0.4375,0.30513644694269965,0.3635164466283868,True,5.7447531265305285,1448.615846303286,2.714657766003687,1.8955015904578174,12.80852451113889,0.30513644694269965,0.9068915738338624,0.36351644662840477,0.2294503763232323,2.111776953389919,0.3635164466283868,0.8678557930306584,5.744753126530813,3.970779991133588,16.066915448227203,5.7447531265305285,-32.00218848478548,2.898229731179955,2.0122344353466857,12.80852451113889,0.3744199758169498,0.8562625838681741,1.7878403716300684,1.4227335686579017,3.6399240503900465,0.14266846555632712,0.9760368092301638,0.3070920557677656,0.18777519127387815,2.111776953389919,0.29961544725641753,0.9097934250820761,0.5342198478123991,0.3982348757731165,1.7540849445817703,0.599019185755794,0.5990823948576324,-0.11977422536198967,0.3107110302244437,
False,4,0.8844708462803861,1,alasso,0.1,51,True,False,False,Radau,0.9900999541338871,8,32,18,0.4375,0.30513644694269965,0.3635164466283868,True,5.744749682135062,1448.6153618486348,2.714657766003687,1.8955015904578174,12.80852451113889,0.30513644694269965,0.9068915738338624,0.36351644662840477,0.2294503763232323,2.111776953389919,0.3635164466283868,0.8678557930306584,5.744749682135345,3.9707779033515145,16.066908194917062,5.744749682135062,-32.002148910394084,2.898229731179955,2.0122344353466857,12.80852451113889,0.3744199758169498,0.8562625838681741,1.7878403716300684,1.4227335686579017,3.6399240503900465,0.14266846555632712,0.9760368092301638,0.3070920557677656,0.18777519127387815,2.111776953389919,0.29961544725641753,0.9097934250820761,0.5342198478123991,0.3982348757731165,1.7540849445817703,0.599019185755794,0.5990823948576324,-0.11977422536198967,0.3107110302244437,
False,4,0.8844708462803861,1,alasso,0.1,51,True,True,False,RK45,0.9900999541338871,10,40,21,0.475,0.24858620458643232,0.3605188365655982,True,27.8892492830268,2731.2189576425594,2.2115564284874263,1.4911183886329982,8.750307823230248,0.24858620458643232,0.9382047828009281,0.36051883656561595,0.22548480822034492,1.989899855292814,0.3605188365655982,0.870026168481375,27.889249283028185,14.845615026273261,94.81429997504644,27.8892492830268,-776.8102255708864,2.2800268062821716,1.5419031247177892,8.750307823230248,0.2945548354866288,0.9110421813332121,1.9093043791941944,1.2854402074895948,8.645548523389667,0.15236121209817646,0.972670133984415,0.3008319913301846,0.18302489237487726,1.989899855292814,0.2935077933100119,0.9134336578621722,0.5383709750608185,0.3974474673944887,1.7348831721251718,0.6036738328537996,0.5928275691549649,-0.06162795265120291,0.3206060887072073,
False,4,0.8844708462803861,1,alasso,0.1,51,True,True,False,Radau,0.9900999541338871,10,40,21,0.475,0.24858620458643232,0.3605188365655982,True,27.889193736074542,2731.217348349255,2.2115564284874263,1.4911183886329982,8.750307823230248,0.24858620458643232,0.9382047828009281,0.36051883656561595,0.22548480822034492,1.989899855292814,0.3605188365655982,0.870026168481375,27.889193736075924,14.845588928288151,94.81405284934748,27.889193736074542,-776.8071272483747,2.2800268062821716,1.5419031247177892,8.750307823230248,0.2945548354866288,0.9110421813332121,1.9093043791941944,1.2854402074895948,8.645548523389667,0.15236121209817646,0.972670133984415,0.3008319913301846,0.18302489237487726,1.989899855292814,0.2935077933100119,0.9134336578621722,0.5383709750608185,0.3974474673944887,1.7348831721251718,0.6036738328537996,0.5928275691549649,-0.06162795265120291,0.3206060887072073,
False,4,0.8844708462803861,1,tlsa_norm,0.001,21,True,False,False,RK45,0.9900999541338871,8,32,32,0.0,0.7256257942258012,0.3563852759319656,True,1.6687369660157818,477.75016226704736,9.896492237387351,6.97416424228681,35.921938742917845,0.7256257942258012,0.47327308085609765,0.35638527593198327,0.22070926540842534,1.8228465122953357,0.3563852759319656,0.8729895350988844,1.6687369660158642,1.2151418448957376,5.042901797356729,1.6687369660157818,-1.7846830617478253,8.370630648514553,5.808050560161398,29.031372575344555,0.6346345421209912,0.594710850948508,14.519869774398003,11.696924654894735,35.921938742917845,0.9476101929664497,0.06875198218814194,0.29647272153022164,0.17885465866776074,1.6379701506750939,0.28925465635548564,0.9159242964938925,0.534250639282643,0.3902204227081169,1.8228465122953357,0.5990537121432155,0.5990361771877841,0.525958868760366,0.3168881193061084,
False,4,0.8844708462803861,1,tlsa_norm,0.001,21,True,False,False,Radau,0.9900999541338871,8,32,32,0.0,0.7256257942258012,0.3563852759319656,True,1.6687375856867677,477.75046231077744,9.896492237387351,6.97416424228681,35.921938742917845,0.7256257942258012,0.47327308085609765,0.35638527593198327,0.22070926540842534,1.8228465122953357,0.3563852759319656,0.8729895350988844,1.6687375856868503,1.2151422205946387,5.04290905587493,1.6687375856867677,-1.7846851298839717,8.370630648514553,5.808050560161398,29.031372575344555,0.6346345421209912,0.594710850948508,14.519869774398003,11.696924654894735,35.921938742917845,0.9476101929664497,0.06875198218814194,0.29647272153022164,0.17885465866776074,1.6379701506750939,0.28925465635548564,0.9159242964938925,0.534250639282643,0.3902204227081169,1.8228465122953357,0.5990537121432155,0.5990361771877841,0.525958868760366,0.3168881193061084,
False,4,0.8844708462803861,1,tlsa_norm,0.001,21,True,True,False,RK45,0.9900999541338871,10,40,40,0.0,0.6029203469490537,0.36496294144996827,True,2.253216568212273,736.3858952123978,8.222966411648043,5.993415535443003,31.75446818821287,0.6029203469490537,0.6363530326672537,0.3649629414499863,0.22666093438502957,1.8825189567388656,0.36496294144996827,0.8668020513681742,2.2532165682123844,1.3628252768253466,9.969405253582817,2.253216568212273,-4.0769849032667835,6.820656538773278,5.0805936325424055,22.3318929050258,0.5171204442304569,0.7309078805330744,12.371550089021826,9.690344242190426,31.75446818821287,0.8074044154186036,0.32393546485892066,0.30500132088696563,0.18250060674156693,1.8825189567388656,0.2975756143963999,0.9110175272716747,0.5439624319127259,0.405510261341053,1.7367352721793639,0.609943517412196,0.5843259600978585,0.40697241567415376,0.3266915671738162,
False,4,0.8844708462803861,1,tlsa_norm,0.001,21,True,True,False,Radau,0.9900999541338871,10,40,40,0.0,0.6029203469490537,0.36496294144996827,True,2.253216416973333,736.3858409783446,8.222966411648043,5.993415535443003,31.75446818821287,0.6029203469490537,0.6363530326672537,0.3649629414499863,0.22666093438502957,1.8825189567388656,0.36496294144996827,0.8668020513681742,2.2532164169734448,1.3628252081885959,9.969405541679782,2.253216416973333,-4.076984221718637,6.820656538773278,5.0805936325424055,22.3318929050258,0.5171204442304569,0.7309078805330744,12.371550089021826,9.690344242190426,31.75446818821287,0.8074044154186036,0.32393546485892066,0.30500132088696563,0.18250060674156693,1.8825189567388656,0.2975756143963999,0.9110175272716747,0.5439624319127259,0.405510261341053,1.7367352721793639,0.609943517412196,0.5843259600978585,0.40697241567415376,0.3266915671738162,
False,4,0.8844708462803861,1,tlsa_norm,0.001,51,True,False,False,RK45,0.9900999541338871,8,32,32,0.0,0.25624507771561217,0.3567582796090301,True,4.331845700032661,1248.5229175669456,2.279693878560276,1.6056012362655563,10.400208614693785,0.25624507771561217,0.934338336794637,0.35675827960904777,0.22190662896336696,1.9075473795297988,0.3567582796090301,0.8727235299303928,4.331845700032875,2.9193536948858787,16.078976684171028,4.331845700032661,-17.764887168893264,2.3951375497655114,1.6758322858354509,10.400208614693785,0.30942590016712124,0.9018330861639864,1.7353101698029223,1.3211654855074826,5.50254367406092,0.13847659059424086,0.9774242914782088,0.2987923089987981,0.1807522017545084,1.9075473795297988,0.29151777004988055,0.9146035418272531,0.5302593289969949,0.38858205915924426,1.7519926150157938,0.5945782673479723,0.6050048849108545,-0.07559120531422236,0.30959865691639865,
False,4,0.8844708462803861,1,tlsa_norm,0.001,51,True,False,False,Radau,0.9900999541338871,8,32,32,0.0,0.25624507771561217,0.3567582796090301,True,4.33184031481085,1248.5219130847388,2.279693878560276,1.6056012362655563,10.400208614693785,0.25624507771561217,0.934338336794637,0.35675827960904777,0.22190662896336696,1.9075473795297988,0.3567582796090301,0.8727235299303928,4.331840314811064,2.9193506034230117,16.07895253723825,4.33184031481085,-17.764840513022374,2.3951375497655114,1.6758322858354509,10.400208614693785,0.30942590016712124,0.9018330861639864,1.7353101698029223,1.3211654855074826,5.50254367406092,0.13847659059424086,0.9774242914782088,0.2987923089987981,0.1807522017545084,1.9075473795297988,0.29151777004988055,0.9146035418272531,0.5302593289969949,0.38858205915924426,1.7519926150157938,0.5945782673479723,0.6050048849108545,-0.07559120531422236,0.30959865691639865,
False,4,0.8844708462803861,1,tlsa_norm,0.001,51,True,True,False,RK45,0.9900999541338871,10,40,40,0.0,0.19215193326086827,0.35847206095454814,True,2.073200079129815,669.1074231651501,1.7094868315655274,1.2022179782422102,6.772985975364323,0.19215193326086827,0.963077565181691,0.35847206095456585,0.22266919698614554,1.7975729343612326,0.35847206095454814,0.8714977815149864,2.0732000791299177,1.5484121636186972,7.129959437570666,2.073200079129815,-3.298158568104288,1.794758619931385,1.2501824956523904,6.772985975364323,0.23186342747177016,0.9448790981367712,1.3084920547644099,1.00796168273098,3.9172664736139815,0.10441679056373328,0.9871640107383017,0.2993762524125705,0.1798877724775343,1.7975729343612326,0.2920874965009685,0.9142694272855689,0.534743241462209,0.39593396624602134,1.6979497663832737,0.5996060655567276,0.5982964243545671,-0.042284912601530555,0.31597300293100183,
False,4,0.8844708462803861,1,tlsa_norm,0.001,51,True,True,False,Radau,0.9900999541338871,10,40,40,0.0,0.19215193326086827,0.35847206095454814,True,2.0731980389767015,669.1066280443397,1.7094868315655274,1.2022179782422102,6.772985975364323,0.19215193326086827,0.963077565181691,0.35847206095456585,0.22266919698614554,1.7975729343612326,0.35847206095454814,0.8714977815149864,2.0731980389768037,1.5484109190791617,7.129953624875983,2.0731980389767015,-3.2981501088172553,1.794758619931385,1.2501824956523904,6.772985975364323,0.23186342747177016,0.9448790981367712,1.3084920547644099,1.00796168273098,3.9172664736139815,0.10441679056373328,0.9871640107383017,0.2993762524125705,0.1798877724775343,1.7975729343612326,0.2920874965009685,0.9142694272855689,0.534743241462209,0.39593396624602134,1.6979497663832737,0.5996060655567276,0.5982964243545671,-0.042284912601530555,0.31597300293100183,
False,4,0.8844708462803861,1,tlsa_norm,0.01,21,True,False,False,RK45,0.9900999541338871,8,32,32,0.0,0.7256257942258012,0.3563852759319656,True,1.6687369660157818,477.75016226704736,9.896492237387351,6.97416424228681,35.921938742917845,0.7256257942258012,0.47327308085609765,0.35638527593198327,0.22070926540842534,1.8228465122953357,0.3563852759319656,0.8729895350988844,1.6687369660158642,1.2151418448957376,5.042901797356729,1.6687369660157818,-1.7846830617478253,8.370630648514553,5.808050560161398,29.031372575344555,0.6346345421209912,0.594710850948508,14.519869774398003,11.696924654894735,35.921938742917845,0.9476101929664497,0.06875198218814194,0.29647272153022164,0.17885465866776074,1.6379701506750939,0.28925465635548564,0.9159242964938925,0.534250639282643,0.3902204227081169,1.8228465122953357,0.5990537121432155,0.5990361771877841,0.525958868760366,0.3168881193061084,
False,4,0.8844708462803861,1,tlsa_norm,0.01,21,True,False,False,Radau,0.9900999541338871,8,32,32,0.0,0.7256257942258012,0.3563852759319656,True,1.6687375856867677,477.75046231077744,9.896492237387351,6.97416424228681,35.921938742917845,0.7256257942258012,0.47327308085609765,0.35638527593198327,0.22070926540842534,1.8228465122953357,0.3563852759319656,0.8729895350988844,1.6687375856868503,1.2151422205946387,5.04290905587493,1.6687375856867677,-1.7846851298839717,8.370630648514553,5.808050560161398,29.031372575344555,0.6346345421209912,0.594710850948508,14.519869774398003,11.696924654894735,35.921938742917845,0.9476101929664497,0.06875198218814194,0.29647272153022164,0.17885465866776074,1.6379701506750939,0.28925465635548564,0.9159242964938925,0.534250639282643,0.3902204227081169,1.8228465122953357,0.5990537121432155,0.5990361771877841,0.525958868760366,0.3168881193061084,
False,4,0.8844708462803861,1,tlsa_norm,0.01,21,True,True,False,RK45,0.9900999541338871,10,40,40,0.0,0.6029203469490537,0.36496294144996827,True,2.253216568212273,736.3858952123978,8.222966411648043,5.993415535443003,31.75446818821287,0.6029203469490537,0.6363530326672537,0.3649629414499863,0.22666093438502957,1.8825189567388656,0.36496294144996827,0.8668020513681742,2.2532165682123844,1.3628252768253466,9.969405253582817,2.253216568212273,-4.0769849032667835,6.820656538773278,5.0805936325424055,22.3318929050258,0.5171204442304569,0.7309078805330744,12.371550089021826,9.690344242190426,31.75446818821287,0.8074044154186036,0.32393546485892066,0.30500132088696563,0.18250060674156693,1.8825189567388656,0.2975756143963999,0.9110175272716747,0.5439624319127259,0.405510261341053,1.7367352721793639,0.609943517412196,0.5843259600978585,0.40697241567415376,0.3266915671738162,
False,4,0.8844708462803861,1,tlsa_norm,0.01,21,True,True,False,Radau,0.9900999541338871,10,40,40,0.0,0.6029203469490537,0.36496294144996827,True,2.253216416973333,736.3858409783446,8.222966411648043,5.993415535443003,31.75446818821287,0.6029203469490537,0.6363530326672537,0.3649629414499863,0.22666093438502957,1.8825189567388656,0.36496294144996827,0.8668020513681742,2.2532164169734448,1.3628252081885959,9.969405541679782,2.253216416973333,-4.076984221718637,6.820656538773278,5.0805936325424055,22.3318929050258,0.5171204442304569,0.7309078805330744,12.371550089021826,9.690344242190426,31.75446818821287,0.8074044154186036,0.32393546485892066,0.30500132088696563,0.18250060674156693,1.8825189567388656,0.2975756143963999,0.9110175272716747,0.5439624319127259,0.405510261341053,1.7367352721793639,0.609943517412196,0.5843259600978585,0.40697241567415376,0.3266915671738162,
False,4,0.8844708462803861,1,tlsa_norm,0.01,51,True,False,False,RK45,0.9900999541338871,8,32,32,0.0,0.25624507771561217,0.3567582796090301,True,4.331845700032661,1248.5229175669456,2.279693878560276,1.6056012362655563,10.400208614693785,0.25624507771561217,0.934338336794637,0.35675827960904777,0.22190662896336696,1.9075473795297988,0.3567582796090301,0.8727235299303928,4.331845700032875,2.9193536948858787,16.078976684171028,4.331845700032661,-17.764887168893264,2.3951375497655114,1.6758322858354509,10.400208614693785,0.30942590016712124,0.9018330861639864,1.7353101698029223,1.3211654855074826,5.50254367406092,0.13847659059424086,0.9774242914782088,0.2987923089987981,0.1807522017545084,1.9075473795297988,0.29151777004988055,0.9146035418272531,0.5302593289969949,0.38858205915924426,1.7519926150157938,0.5945782673479723,0.6050048849108545,-0.07559120531422236,0.30959865691639865,
False,4,0.8844708462803861,1,tlsa_norm,0.01,51,True,False,False,Radau,0.9900999541338871,8,32,32,0.0,0.25624507771561217,0.3567582796090301,True,4.33184031481085,1248.5219130847388,2.279693878560276,1.6056012362655563,10.400208614693785,0.25624507771561217,0.934338336794637,0.35675827960904777,0.22190662896336696,1.9075473795297988,0.3567582796090301,0.8727235299303928,4.331840314811064,2.9193506034230117,16.07895253723825,4.33184031481085,-17.764840513022374,2.3951375497655114,1.6758322858354509,10.400208614693785,0.30942590016712124,0.9018330861639864,1.7353101698029223,1.3211654855074826,5.50254367406092,0.13847659059424086,0.9774242914782088,0.2987923089987981,0.1807522017545084,1.9075473795297988,0.29151777004988055,0.9146035418272531,0.5302593289969949,0.38858205915924426,1.7519926150157938,0.5945782673479723,0.6050048849108545,-0.07559120531422236,0.30959865691639865,
False,4,0.8844708462803861,1,tlsa_norm,0.01,51,True,True,False,RK45,0.9900999541338871,10,40,40,0.0,0.19215193326086827,0.35847206095454814,True,2.073200079129815,669.1074231651501,1.7094868315655274,1.2022179782422102,6.772985975364323,0.19215193326086827,0.963077565181691,0.35847206095456585,0.22266919698614554,1.7975729343612326,0.35847206095454814,0.8714977815149864,2.0732000791299177,1.5484121636186972,7.129959437570666,2.073200079129815,-3.298158568104288,1.794758619931385,1.2501824956523904,6.772985975364323,0.23186342747177016,0.9448790981367712,1.3084920547644099,1.00796168273098,3.9172664736139815,0.10441679056373328,0.9871640107383017,0.2993762524125705,0.1798877724775343,1.7975729343612326,0.2920874965009685,0.9142694272855689,0.534743241462209,0.39593396624602134,1.6979497663832737,0.5996060655567276,0.5982964243545671,-0.042284912601530555,0.31597300293100183,
False,4,0.8844708462803861,1,tlsa_norm,0.01,51,True,True,False,Radau,0.9900999541338871,10,40,40,0.0,0.19215193326086827,0.35847206095454814,True,2.0731980389767015,669.1066280443397,1.7094868315655274,1.2022179782422102,6.772985975364323,0.19215193326086827,0.963077565181691,0.35847206095456585,0.22266919698614554,1.7975729343612326,0.35847206095454814,0.8714977815149864,2.0731980389768037,1.5484109190791617,7.129953624875983,2.0731980389767015,-3.2981501088172553,1.794758619931385,1.2501824956523904,6.772985975364323,0.23186342747177016,0.9448790981367712,1.3084920547644099,1.00796168273098,3.9172664736139815,0.10441679056373328,0.9871640107383017,0.2993762524125705,0.1798877724775343,1.7975729343612326,0.2920874965009685,0.9142694272855689,0.534743241462209,0.39593396624602134,1.6979497663832737,0.5996060655567276,0.5982964243545671,-0.042284912601530555,0.31597300293100183,
False,4,0.8844708462803861,1,tlsa_norm,0.1,21,True,False,False,RK45,0.9900999541338871,8,32,31,0.03125,0.7256124559766238,0.3563007304342294,True,1.6509692547289703,467.10093438301766,9.896310322851658,6.975871148908295,35.921938742917845,0.7256124559766238,0.4732924449701642,0.356300730434247,0.22069036481189702,1.8228465122953357,0.3563007304342294,0.8730497894920224,1.6509692547290518,1.2028014893956394,4.979223497795286,1.6509692547289703,-1.725699480060594,8.368914627944605,5.809571599028966,28.986719290544595,0.6345044389096074,0.5948770064645907,14.5232493998216,11.699384325919572,35.921938742917845,0.9478307574446144,0.0683184196558756,0.29637970217774423,0.17884469615383852,1.637492251721048,0.28916390169618217,0.9159770463089715,0.5341748826182926,0.390165322877034,1.8228465122953357,0.5989687664123883,0.5991498823511456,0.5265585868087151,0.31682716395782584,
False,4,0.8844708462803861,1,tlsa_norm,0.1,21,True,False,False,Radau,0.9900999541338871,8,32,31,0.03125,0.7256124559766238,0.3563007304342294,True,1.6509698767572913,467.1012388095159,9.896310322851658,6.975871148908295,35.921938742917845,0.7256124559766238,0.4732924449701642,0.356300730434247,0.22069036481189702,1.8228465122953357,0.3563007304342294,0.8730497894920224,1.650969876757373,1.2028018654456745,4.97923016100549,1.6509698767572913,-1.7257015339602493,8.368914627944605,5.809571599028966,28.986719290544595,0.6345044389096074,0.5948770064645907,14.5232493998216,11.699384325919572,35.921938742917845,0.9478307574446144,0.0683184196558756,0.29637970217774423,0.17884469615383852,1.637492251721048,0.28916390169618217,0.9159770463089715,0.5341748826182926,0.390165322877034,1.8228465122953357,0.5989687664123883,0.5991498823511456,0.5265585868087151,0.31682716395782584,
False,4,0.8844708462803861,1,tlsa_norm,0.1,21,True,True,False,RK45,0.9900999541338871,10,40,39,0.025000000000000022,0.6029203410663015,0.3649607614562549,True,2.2409382387296035,729.9708648754025,8.222966331415765,5.993261202845845,31.75446818821287,0.6029203410663015,0.636353039763531,0.364960761456273,0.2266574681500735,1.8825189567388656,0.3649607614562549,0.8668036425972577,2.240938238729714,1.3565098139540568,9.911686181538707,2.2409382387296035,-4.0218041898010215,6.82058959771127,5.080344120494688,22.3318929050258,0.5171153689724483,0.7309131624949375,12.371699286586184,9.690575386368034,31.75446818821287,0.8074141524985462,0.3239191584479243,0.30499988516417315,0.1824969384720486,1.8825189567388656,0.29757421362839387,0.9110183649982995,0.5439583059258373,0.4055076133460743,1.7367352721793639,0.6099388909549113,0.5843322658977945,0.40699400404701325,0.32668609910050495,
False,4,0.8844708462803861,1,tlsa_norm,0.1,21,True,True,False,Radau,0.9900999541338871,10,40,39,0.025000000000000022,0.6029203410663015,0.3649607614562549,True,2.240938088858935,729.970810837544,8.222966331415765,5.993261202845845,31.75446818821287,0.6029203410663015,0.636353039763531,0.364960761456273,0.2266574681500735,1.8825189567388656,0.3649607614562549,0.8668036425972577,2.240938088859046,1.3565097560126858,9.91168625072645,2.240938088858935,-4.021803518099223,6.82058959771127,5.080344120494688,22.3318929050258,0.5171153689724483,0.7309131624949375,12.371699286586184,9.690575386368034,31.75446818821287,0.8074141524985462,0.3239191584479243,0.30499988516417315,0.1824969384720486,1.8825189567388656,0.29757421362839387,0.9110183649982995,0.5439583059258373,0.4055076133460743,1.7367352721793639,0.6099388909549113,0.5843322658977945,0.40699400404701325,0.32668609910050495,
False,4,0.8844708462803861,1,tlsa_norm,0.1,51,True,False,False,RK45,0.9900999541338871,8,32,32,0.0,0.25624507771561217,0.3567582796090301,True,4.331845700032661,1248.5229175669456,2.279693878560276,1.6056012362655563,10.400208614693785,0.25624507771561217,0.934338336794637,0.35675827960904777,0.22190662896336696,1.9075473795297988,0.3567582796090301,0.8727235299303928,4.331845700032875,2.9193536948858787,16.078976684171028,4.331845700032661,-17.764887168893264,2.3951375497655114,1.6758322858354509,10.400208614693785,0.30942590016712124,0.9018330861639864,1.7353101698029223,1.3211654855074826,5.50254367406092,0.13847659059424086,0.9774242914782088,0.2987923089987981,0.1807522017545084,1.9075473795297988,0.29151777004988055,0.9146035418272531,0.5302593289969949,0.38858205915924426,1.7519926150157938,0.5945782673479723,0.6050048849108545,-0.07559120531422236,0.30959865691639865,
False,4,0.8844708462803861,1,tlsa_norm,0.1,51,True,False,False,Radau,0.9900999541338871,8,32,32,0.0,0.25624507771561217,0.3567582796090301,True,4.33184031481085,1248.5219130847388,2.279693878560276,1.6056012362655563,10.400208614693785,0.25624507771561217,0.934338336794637,0.35675827960904777,0.22190662896336696,1.9075473795297988,0.3567582796090301,0.8727235299303928,4.331840314811064,2.9193506034230117,16.07895253723825,4.33184031481085,-17.764840513022374,2.3951375497655114,1.6758322858354509,10.400208614693785,0.30942590016712124,0.9018330861639864,1.7353101698029223,1.3211654855074826,5.50254367406092,0.13847659059424086,0.9774242914782088,0.2987923089987981,0.1807522017545084,1.9075473795297988,0.29151777004988055,0.9146035418272531,0.5302593289969949,0.38858205915924426,1.7519926150157938,0.5945782673479723,0.6050048849108545,-0.07559120531422236,0.30959865691639865,
False,4,0.8844708462803861,1,tlsa_norm,0.1,51,True,True,False,RK45,0.9900999541338871,10,40,40,0.0,0.19215193326086827,0.35847206095454814,True,2.073200079129815,669.1074231651501,1.7094868315655274,1.2022179782422102,6.772985975364323,0.19215193326086827,0.963077565181691,0.35847206095456585,0.22266919698614554,1.7975729343612326,0.35847206095454814,0.8714977815149864,2.0732000791299177,1.5484121636186972,7.129959437570666,2.073200079129815,-3.298158568104288,1.794758619931385,1.2501824956523904,6.772985975364323,0.23186342747177016,0.9448790981367712,1.3084920547644099,1.00796168273098,3.9172664736139815,0.10441679056373328,0.9871640107383017,0.2993762524125705,0.1798877724775343,1.7975729343612326,0.2920874965009685,0.9142694272855689,0.534743241462209,0.39593396624602134,1.6979497663832737,0.5996060655567276,0.5982964243545671,-0.042284912601530555,0.31597300293100183,
False,4,0.8844708462803861,1,tlsa_norm,0.1,51,True,True,False,Radau,0.9900999541338871,10,40,40,0.0,0.19215193326086827,0.35847206095454814,True,2.0731980389767015,669.1066280443397,1.7094868315655274,1.2022179782422102,6.772985975364323,0.19215193326086827,0.963077565181691,0.35847206095456585,0.22266919698614554,1.7975729343612326,0.35847206095454814,0.8714977815149864,2.0731980389768037,1.5484109190791617,7.129953624875983,2.0731980389767015,-3.2981501088172553,1.794758619931385,1.2501824956523904,6.772985975364323,0.23186342747177016,0.9448790981367712,1.3084920547644099,1.00796168273098,3.9172664736139815,0.10441679056373328,0.9871640107383017,0.2993762524125705,0.1798877724775343,1.7975729343612326,0.2920874965009685,0.9142694272855689,0.534743241462209,0.39593396624602134,1.6979497663832737,0.5996060655567276,0.5982964243545671,-0.042284912601530555,0.31597300293100183,
