caso,tipo_erro,min,p25,mediana,p75,p95,max,tempo_max
Laminar,free,0.0,0.4352900363558893,0.5720832635775116,0.7697152607330814,1.0049662779046011,1.0919542121296473,0.4429999887943268
Laminar,one,0.0,0.012491696289282329,0.019654254792484917,0.03310603371964628,0.07891902902798431,0.7630554700963491,0.0010000000474974513
Laminar,deriv,0.21425427946086917,0.740492663089334,0.9074199912574575,1.2033511626064557,2.413027366457106,5.090226867025198,0.019999999552965164
URANS,free,0.0,0.3842023863018463,0.5200013232313029,0.6929352137113818,0.8345555218553452,0.8583226965323839,0.5389999747276306
URANS,one,0.0,0.006677752129295866,0.009446368971563965,0.015119611598220938,0.03486035778465994,0.676125003069485,0.0010000000474974513
URANS,deriv,0.25432836235443435,0.6586457178237496,0.8589905279008372,1.0413079562030816,1.807318604461624,17.934271994923456,0.9980000257492065
LES--WALE,free,0.0,0.5322026341241656,0.7174035744287741,1.1098221983223906,1.7023868304083487,3.2259241125186526,1.0
LES--WALE,one,0.0,0.11368534917983371,0.20257615226930825,0.45463405676004937,0.9211073035362322,1.7496251819458117,0.9900000095367432
LES--WALE,deriv,0.006171561813920757,0.10466253416441709,0.20854428725571708,0.29483713430903813,0.37450574965896893,0.4809964312330527,0.6399999856948853
Cavity,free,0.0,0.43531305873820586,0.7548108433885788,1.0134980284131316,1.4758781689189922,1.5404718953858842,3.367000102996826
Cavity,one,0.0,0.020964643121214183,0.028953313044184654,0.04070024155215789,0.06399894954013274,0.10258194697873761,0.07599999755620956
Cavity,deriv,0.03749964673415161,0.5224819435150188,0.9919241616328949,1.5790742820148223,3.1117485776042826,13.630393188644412,3.7874999046325684
