caso,period,index_start,index_end,time_start,time_end,split,rmse,mae,max_abs,rel_l2,r2,baseline_rmse,learning_gain_vs_persistence
LES--WALE,0,0,4,0.0,0.03999999910593033,train,0.2707882998567736,0.19956862423770388,0.6931551777102971,0.2918036748350003,0.913980252373326,0.2382504064905559,-0.13657014837609904
LES--WALE,1,5,9,0.05000000074505806,0.09000000357627869,train,0.35593024754778657,0.2686202141887616,0.7173684376515862,0.4850235352286301,0.7594989304323063,0.1058156452991552,-2.3636826249857448
LES--WALE,2,10,14,0.10000000149011612,0.14000000059604645,train,0.47091611157622765,0.39354728818881984,0.7929582302106774,0.6374924840634212,0.5265905265352651,0.13761810794817886,-2.4219051445623183
LES--WALE,3,15,19,0.15000000596046448,0.1899999976158142,train,0.5458412780882874,0.4848256740061325,0.936998988781215,0.6573845505186564,0.4112373579956169,0.10659517436836034,-4.120694077547133
LES--WALE,4,20,24,0.20000000298023224,0.23999999463558197,train,0.5057665716457872,0.43293120221691145,1.0984936276760275,0.6065655386057934,0.5037729567349252,0.25814908550633703,-0.9592034217429468
LES--WALE,5,25,29,0.25,0.28999999165534973,train,0.73493639168171,0.5390848022893378,1.6357691793389277,0.6476245371883868,0.41699979073060134,0.1878830825736036,-2.911668797481463
LES--WALE,6,30,34,0.30000001192092896,0.3400000035762787,train,0.4563194394402842,0.32717722498665724,1.422566659172991,0.6809813807659016,0.5292563968758696,0.42833988652309607,-0.06532091406018092
LES--WALE,7,35,39,0.3499999940395355,0.38999998569488525,train,0.5369009826803666,0.3868050646018394,1.2555588234285457,0.7725392915102479,-0.21777816196377509,0.2773811677780651,-0.9356071898435794
LES--WALE,8,40,44,0.4000000059604645,0.4399999976158142,train,0.8932585980387795,0.7078333095484776,1.6491592545762492,1.1592214808537606,-3.7177190915994203,0.08965515486951042,-8.963270927688644
LES--WALE,9,45,49,0.44999998807907104,0.49000000953674316,train,1.2516135118148222,1.0795465096198236,1.9707357129240397,1.3363120844791707,-5.690893010098816,0.09405442182567064,-12.307333004729683
LES--WALE,10,50,54,0.5,0.5400000214576721,train,1.507628868260563,1.3744733623911163,2.2306997577016388,1.5053606372974808,-7.102191946558914,0.1119617060930678,-12.465576051457145
LES--WALE,11,55,59,0.550000011920929,0.5899999737739563,train,1.0245692587389261,0.8161259151350183,2.2507005560045017,0.8458541585796127,0.11869770934980162,0.5172850391231976,-0.9806667141845025
LES--WALE,12,60,64,0.6000000238418579,0.6399999856948853,train,0.8119613076422588,0.5799024830689057,1.9926248927622874,0.6223244810461391,0.4963253420501057,0.29399389696254075,-1.7618304870558354
LES--WALE,13,65,69,0.6499999761581421,0.6899999976158142,train,0.7906121336303316,0.6424921904125318,1.665912007393753,0.5763608542056616,0.6674185330983615,0.29633515660764936,-1.6679660377740526
LES--WALE,14,70,74,0.699999988079071,0.7400000095367432,train,0.9903671307069061,0.9023040926948023,1.4847363874182418,0.7364767701932893,0.43590147501999754,0.5429560947376635,-0.8240280205042938
LES--WALE,15,75,79,0.75,0.7900000214576721,train,0.6380193883696036,0.5209944473714907,1.2811547375789176,0.48354217043233705,0.698941478028191,0.5715174612045163,-0.1163602718695822
LES--WALE,16,80,84,0.800000011920929,0.8399999737739563,train/validation,0.9138525270734928,0.744485790141834,2.093804719291523,0.720445173109504,0.28307029091982294,0.49602760226503306,-0.8423420851958334
LES--WALE,17,85,89,0.8500000238418579,0.8899999856948853,validation,1.1998703369054142,1.0367586551964687,2.314672186066257,1.1254426445505432,-0.5653845534643303,0.702565988945952,-0.7078400545745913
LES--WALE,18,90,94,0.8999999761581421,0.9399999976158142,validation,1.331071210693273,1.1796866036704805,2.5204903724226835,1.7732701595178806,-2.4576542836388415,0.4281502421373898,-2.1088881418010144
LES--WALE,19,95,100,0.949999988079071,1.0,validation,0.6097467751826232,0.5217768503573205,1.3047129060199745,1.2937703918824748,-0.7031158329311387,0.41288211764293054,-0.4768059674322558
