accepted,score,pod_modes,pod_energy_capture,polynomial_order,use_sine,alpha,library_size,n_possible_terms,n_nonzero_terms,sparsity,derivative_l2_error,trajectory_l2_error,trajectory_method
False,239.06918634700543,4,0.7316305985194317,1,False,0.0001,5,20,16,0.19999999999999996,0.9538376727398309,1.1883844462804032,reference_guided_one_step_search
False,239.21590420651066,4,0.7316305985194317,1,False,0.0003,5,20,12,0.4,0.955099112863435,1.1893601515771568,reference_guided_one_step_search
False,239.29366799596332,4,0.7316305985194317,1,False,0.001,5,20,11,0.44999999999999996,0.9551015559630064,1.1898114552550478,reference_guided_one_step_search
False,239.55208535280133,4,0.7316305985194317,1,False,0.003,5,20,11,0.44999999999999996,0.9551228755139165,1.1911034087920447,reference_guided_one_step_search
False,240.46613491756935,4,0.7316305985194317,1,False,0.01,5,20,11,0.44999999999999996,0.9553653504736853,1.1956721411473863,reference_guided_one_step_search
False,243.10393699532915,4,0.7316305985194317,1,False,0.03,5,20,8,0.6,0.9570080662675274,1.2090383845624737,reference_guided_one_step_search
False,246.9648217394566,4,0.7316305985194317,1,False,0.1,5,20,4,0.8,0.9669790624570371,1.2285304895569265,reference_guided_one_step_search
False,222.94414598755424,4,0.7316305985194317,1,True,0.0001,13,52,38,0.2692307692307693,0.8310390160915275,1.1086132745487376,reference_guided_one_step_search
False,224.0687985064657,4,0.7316305985194317,1,True,0.0003,13,52,36,0.3076923076923077,0.8436976977321812,1.1142054973061177,reference_guided_one_step_search
False,226.28116303671518,4,0.7316305985194317,1,True,0.001,13,52,21,0.5961538461538461,0.8602010367304935,1.1255247510117026,reference_guided_one_step_search
False,228.57548130687226,4,0.7316305985194317,1,True,0.003,13,52,14,0.7307692307692308,0.8711937925845151,1.1370959068691697,reference_guided_one_step_search
False,232.25029040891081,4,0.7316305985194317,1,True,0.01,13,52,12,0.7692307692307692,0.8959418598708415,1.1553633538818997,reference_guided_one_step_search
False,240.2085067000347,4,0.7316305985194317,1,True,0.03,13,52,8,0.8461538461538461,0.9548774446101279,1.1948822417790523,reference_guided_one_step_search
False,246.5901919866716,4,0.7316305985194317,1,True,0.1,13,52,4,0.9230769230769231,0.9661533134058945,1.2268163478784173,reference_guided_one_step_search
False,220.83962625073724,4,0.7316305985194317,2,False,0.0001,15,60,24,0.6,0.5472994260056288,1.100277509841151,reference_guided_one_step_search
False,220.83874999580917,4,0.7316305985194317,2,False,0.0003,15,60,24,0.6,0.5473023231615189,1.1002731104592864,reference_guided_one_step_search
False,220.83518401897243,4,0.7316305985194317,2,False,0.001,15,60,24,0.6,0.5473352450107972,1.1002550748135447,reference_guided_one_step_search
False,220.83934404966965,4,0.7316305985194317,2,False,0.003,15,60,25,0.5833333333333333,0.5476245320512578,1.1002532335896946,reference_guided_one_step_search
False,220.92058029259388,4,0.7316305985194317,2,False,0.01,15,60,20,0.6666666666666667,0.55082688957744,1.1007435667364438,reference_guided_one_step_search
False,222.03485632219895,4,0.7316305985194317,2,False,0.03,15,60,17,0.7166666666666667,0.5774288649424849,1.1062111845384377,reference_guided_one_step_search
False,230.83842854056036,4,0.7316305985194317,2,False,0.1,15,60,8,0.8666666666666667,0.7785240529336441,1.1491597007052998,reference_guided_one_step_search
False,221.20119399130095,4,0.7316305985194317,2,True,0.0001,23,92,47,0.48913043478260865,0.522898238264948,1.102099269010827,reference_guided_one_step_search
False,221.35572294122366,4,0.7316305985194317,2,True,0.0003,23,92,47,0.48913043478260865,0.5303954084228196,1.102825056446954,reference_guided_one_step_search
False,220.90063866670417,4,0.7316305985194317,2,True,0.001,23,92,27,0.7065217391304348,0.5414688693787734,1.1007521650738166,reference_guided_one_step_search
False,220.54673530271563,4,0.7316305985194317,2,True,0.003,23,92,26,0.7173913043478262,0.546092686046576,1.0989673363562218,reference_guided_one_step_search
False,220.52704370917806,4,0.7316305985194317,2,True,0.01,23,92,19,0.7934782608695652,0.5492543424628035,1.0989442267315848,reference_guided_one_step_search
False,221.3403372922136,4,0.7316305985194317,2,True,0.03,23,92,17,0.8152173913043479,0.5755106530276353,1.1028737666187758,reference_guided_one_step_search
False,229.03777865085394,4,0.7316305985194317,2,True,0.1,23,92,8,0.9130434782608696,0.7732528106553787,1.1402473675354998,reference_guided_one_step_search
False,206.79257026039082,8,0.8379633073760085,1,False,0.0001,9,72,50,0.3055555555555556,0.9510260316824358,1.0271508830483833,reference_guided_one_step_search
False,207.91905486149693,8,0.8379633073760085,1,False,0.0003,9,72,34,0.5277777777777778,0.9531673358714002,1.0330477006805108,reference_guided_one_step_search
False,208.4799603367851,8,0.8379633073760085,1,False,0.001,9,72,23,0.6805555555555556,0.9556750652238942,1.0360275269707206,reference_guided_one_step_search
False,208.7505633093214,8,0.8379633073760085,1,False,0.003,9,72,23,0.6805555555555556,0.9556986304078026,1.0373803945510027,reference_guided_one_step_search
False,209.70927161464255,8,0.8379633073760085,1,False,0.01,9,72,23,0.6805555555555556,0.9559666427228338,1.0421722610006394,reference_guided_one_step_search
False,212.49715679930787,8,0.8379633073760085,1,False,0.03,9,72,16,0.7777777777777778,0.9576896033799873,1.0562224461976368,reference_guided_one_step_search
False,218.81981232062148,8,0.8379633073760085,1,False,0.1,9,72,8,0.8888888888888888,0.9688380655390181,1.0879049348045997,reference_guided_one_step_search
False,194.46993005972558,8,0.8379633073760085,1,True,0.0001,25,200,102,0.49,0.8648409410821993,0.9663068944168641,reference_guided_one_step_search
False,195.97812906108223,8,0.8379633073760085,1,True,0.0003,25,200,101,0.495,0.8797465454891356,0.9737609793961041,reference_guided_one_step_search
False,198.96217156963462,8,0.8379633073760085,1,True,0.001,25,200,42,0.79,0.9008128879983824,0.9889182772981832,reference_guided_one_step_search
False,201.55662558565675,8,0.8379633073760085,1,True,0.003,25,200,26,0.87,0.908563946549882,1.001942103262347,reference_guided_one_step_search
False,204.2739711779496,8,0.8379633073760085,1,True,0.01,25,200,24,0.88,0.9226218613533165,1.0154534692562898,reference_guided_one_step_search
False,210.344929011264,8,0.8379633073760085,1,True,0.03,25,200,16,0.92,0.9557978150147131,1.0456509087124781,reference_guided_one_step_search
False,218.32116564269046,8,0.8379633073760085,1,True,0.1,25,200,8,0.96,0.9677766587622355,1.0855072240961885,reference_guided_one_step_search
False,192.20201152322971,8,0.8379633073760085,2,False,0.0001,45,360,149,0.5861111111111111,0.4936176546936898,0.957407586163202,reference_guided_one_step_search
False,192.38144873721401,8,0.8379633073760085,2,False,0.0003,45,360,62,0.8277777777777777,0.5003530029046038,0.9585647596401385,reference_guided_one_step_search
False,192.32555771418114,8,0.8379633073760085,2,False,0.001,45,360,55,0.8472222222222222,0.5003914974201987,0.9583093694898072,reference_guided_one_step_search
False,192.1857333879144,8,0.8379633073760085,2,False,0.003,45,360,48,0.8666666666666667,0.5007289884850384,0.9576324440948739,reference_guided_one_step_search
False,191.8269788504484,8,0.8379633073760085,2,False,0.01,45,360,41,0.8861111111111111,0.5044455908110552,0.9558397481985617,reference_guided_one_step_search
False,191.81864443564274,8,0.8379633073760085,2,False,0.03,45,360,29,0.9194444444444444,0.5358388525013301,0.955643534905636,reference_guided_one_step_search
False,196.8281749372345,8,0.8379633073760085,2,False,0.1,45,360,13,0.9638888888888889,0.7538544635253233,0.9793841454002503,reference_guided_one_step_search
False,192.49547491179723,8,0.8379633073760085,2,True,0.0001,61,488,195,0.6004098360655737,0.47402017289803516,0.9590152607734553,reference_guided_one_step_search
False,192.55629035805958,8,0.8379633073760085,2,True,0.0003,61,488,126,0.7418032786885246,0.4812939714932639,0.9594506185668258,reference_guided_one_step_search
False,192.37252085074257,8,0.8379633073760085,2,True,0.001,61,488,59,0.8790983606557377,0.49623535110014094,0.9586100062601567,reference_guided_one_step_search
False,192.01772370650704,8,0.8379633073760085,2,True,0.003,61,488,54,0.889344262295082,0.49978442211845947,0.9568266462221637,reference_guided_one_step_search
False,191.59261387744527,8,0.8379633073760085,2,True,0.01,61,488,41,0.9159836065573771,0.5034774777391262,0.9547113146595535,reference_guided_one_step_search
False,191.39779333403385,8,0.8379633073760085,2,True,0.03,61,488,29,0.9405737704918032,0.5346860177702363,0.9535728962722201,reference_guided_one_step_search
False,195.70285334255186,8,0.8379633073760085,2,True,0.1,61,488,13,0.9733606557377049,0.7508307503927151,0.9737882753424769,reference_guided_one_step_search
False,185.66621465287722,16,0.9260911783556487,1,False,0.0001,17,272,163,0.4007352941176471,0.949687137409646,0.9216464477732229,reference_guided_one_step_search
False,186.08997473473516,16,0.9260911783556487,1,False,0.0003,17,272,68,0.75,0.950043467079996,0.9241996020044259,reference_guided_one_step_search
False,187.38377376328276,16,0.9260911783556487,1,False,0.001,17,272,49,0.8198529411764706,0.9518164342897245,0.9307448322785736,reference_guided_one_step_search
False,187.91392306931886,16,0.9260911783556487,1,False,0.003,17,272,47,0.8272058823529411,0.9530449248764513,0.9333970919190577,reference_guided_one_step_search
False,188.91392965409088,16,0.9260911783556487,1,False,0.01,17,272,47,0.8272058823529411,0.9533308471151744,0.9383953378289258,reference_guided_one_step_search
False,191.8376150528538,16,0.9260911783556487,1,False,0.03,17,272,32,0.8823529411764706,0.9551217757818411,0.9530715053421032,reference_guided_one_step_search
False,199.89848625825738,16,0.9260911783556487,1,False,0.1,17,272,16,0.9411764705882353,0.9670347672464885,0.9933749345842317,reference_guided_one_step_search
False,174.6063109173325,16,0.9260911783556487,1,True,0.0001,49,784,403,0.485969387755102,0.8742270608248198,0.8669250971912013,reference_guided_one_step_search
False,176.0737081165406,16,0.9260911783556487,1,True,0.0003,49,784,240,0.6938775510204082,0.8910715393931837,0.8744166904002709,reference_guided_one_step_search
False,180.03292825491525,16,0.9260911783556487,1,True,0.001,49,784,120,0.846938775510204,0.9188749298241148,0.8942303464325634,reference_guided_one_step_search
False,183.24140089234186,16,0.9260911783556487,1,True,0.003,49,784,50,0.9362244897959183,0.9270966739628048,0.9103329308616868,reference_guided_one_step_search
False,185.32352581491256,16,0.9260911783556487,1,True,0.01,49,784,48,0.9387755102040817,0.93485262912303,0.9206982695302991,reference_guided_one_step_search
False,190.17593865881744,16,0.9260911783556487,1,True,0.03,49,784,32,0.9591836734693877,0.9533914321779012,0.9448699764348121,reference_guided_one_step_search
False,199.31539700048975,16,0.9260911783556487,1,True,0.1,49,784,16,0.9795918367346939,0.9658504247869225,0.990514909643449,reference_guided_one_step_search
False,172.6527693483454,16,0.9260911783556487,2,False,0.0001,153,2448,761,0.6891339869281046,0.4289928836606109,0.8601940587025083,reference_guided_one_step_search
False,172.61793537775847,16,0.9260911783556487,2,False,0.0003,153,2448,312,0.8725490196078431,0.43834039185584456,0.8601907357142031,reference_guided_one_step_search
False,173.2001919944404,16,0.9260911783556487,2,False,0.001,153,2448,258,0.8946078431372549,0.4607487699461587,0.86298953996396,reference_guided_one_step_search
False,172.93653150435546,16,0.9260911783556487,2,False,0.003,153,2448,108,0.9558823529411765,0.46138934022113576,0.8617438270865718,reference_guided_one_step_search
False,172.22534873009363,16,0.9260911783556487,2,False,0.01,153,2448,81,0.9669117647058824,0.465616385241331,0.8581752809485922,reference_guided_one_step_search
False,171.46893863663433,16,0.9260911783556487,2,False,0.03,153,2448,50,0.9795751633986928,0.5049219085287987,0.8541634002091151,reference_guided_one_step_search
False,173.76912563130563,16,0.9260911783556487,2,False,0.1,153,2448,24,0.9901960784313726,0.730804793827264,0.8642658432931469,reference_guided_one_step_search
False,172.89638078729902,16,0.9260911783556487,2,True,0.0001,185,2960,1037,0.6496621621621621,0.41985488988446873,0.8614198885774199,reference_guided_one_step_search
False,172.8414498443885,16,0.9260911783556487,2,True,0.0003,185,2960,324,0.8905405405405405,0.4305371595255108,0.8613795676505838,reference_guided_one_step_search
False,173.21371381971665,16,0.9260911783556487,2,True,0.001,185,2960,270,0.9087837837837838,0.45802732308239374,0.863091878059048,reference_guided_one_step_search
False,172.8348313120453,16,0.9260911783556487,2,True,0.003,185,2960,121,0.9591216216216216,0.4608137446456875,0.8612429726832181,reference_guided_one_step_search
False,172.08591887739547,16,0.9260911783556487,2,True,0.01,185,2960,81,0.9726351351351351,0.465029086439718,0.8574889565156479,reference_guided_one_step_search
False,171.22479520439296,16,0.9260911783556487,2,True,0.03,185,2960,50,0.9831081081081081,0.5042639683778993,0.8529512113547381,reference_guided_one_step_search
False,173.1060213920696,16,0.9260911783556487,2,True,0.1,185,2960,24,0.9918918918918919,0.7291457376200713,0.8609628109650875,reference_guided_one_step_search
