caso,accepted,latent_pod_modes,latent_pod_energy_capture,polynomial_order,method,alpha,smooth_window,use_time_poly,use_time_sine,use_state_sine,integrator,frequency,library_size,n_possible_terms,n_nonzero_terms,sparsity,derivative_l2_error,one_step_l2_error,free_integration_success,free_trajectory_l2_error,aic,derivative_rmse,derivative_mae,derivative_max_abs,derivative_rel_l2,derivative_r2,one_step_rmse,one_step_mae,one_step_max_abs,one_step_rel_l2,one_step_r2,free_rmse,free_mae,free_max_abs,free_rel_l2,free_r2,train_derivative_rmse,train_derivative_mae,train_derivative_max_abs,train_derivative_rel_l2,train_derivative_r2,val_derivative_rmse,val_derivative_mae,val_derivative_max_abs,val_derivative_rel_l2,val_derivative_r2,train_one_step_rmse,train_one_step_mae,train_one_step_max_abs,train_one_step_rel_l2,train_one_step_r2,val_one_step_rmse,val_one_step_mae,val_one_step_max_abs,val_one_step_rel_l2,val_one_step_r2,overfit_derivative_r2_gap,overfit_one_step_r2_gap,integration_message
Cavity,False,4,0.9668062423579058,1,alasso,0.001,21,True,False,False,RK45,0.20822464341120123,8,32,17,0.46875,0.7202544029215056,25.639376423871692,True,269.1772086369153,25325.072087561017,3.366062119571395,1.6349233993928078,55.35711744921642,0.7202544029215056,0.4755979766982452,25.63937642387223,10.109276941378859,150.78652812692485,25.639376423871692,-656.377623405015,269.17720863692085,150.42019677516708,1144.4948992356508,269.1772086369153,-72455.36964956443,3.7214732751910216,1.8409499911058764,55.35711744921642,0.7139931838851781,0.48347479217622835,1.120007862572128,0.8108170325405342,3.5421010478137593,1.5284264073373077,-1.343424150512472,9.655177509396845,3.732418025831966,81.5371639546189,9.030675449618283,-81.20999974164073,53.98146261517211,35.61671260356644,150.78652812692485,82.5474215929022,-10350.61249893146,1.8268989426887003,10269.402499189819,
Cavity,False,4,0.9668062423579058,1,alasso,0.001,21,True,False,False,Radau,0.20822464341120123,8,32,17,0.46875,0.7202544029215056,25.639376423871692,True,269.17721158267176,25325.072137025905,3.366062119571395,1.6349233993928078,55.35711744921642,0.7202544029215056,0.4755979766982452,25.63937642387223,10.109276941378859,150.78652812692485,25.639376423871692,-656.377623405015,269.17721158267733,150.42020003310603,1144.4949585022073,269.17721158267176,-72455.37123542545,3.7214732751910216,1.8409499911058764,55.35711744921642,0.7139931838851781,0.48347479217622835,1.120007862572128,0.8108170325405342,3.5421010478137593,1.5284264073373077,-1.343424150512472,9.655177509396845,3.732418025831966,81.5371639546189,9.030675449618283,-81.20999974164073,53.98146261517211,35.61671260356644,150.78652812692485,82.5474215929022,-10350.61249893146,1.8268989426887003,10269.402499189819,
Cavity,False,4,0.9668062423579058,1,alasso,0.001,21,True,True,False,RK45,0.20822464341120123,10,40,20,0.5,0.7117158563142855,6.674790803266366,True,51.439203778423746,17850.61071725714,3.32615777719712,1.6016356505657954,55.08801125435119,0.7117158563142855,0.4879577489007201,6.674790803266506,2.6695048385600018,41.245318230978214,6.674790803266366,-43.55283226737113,51.43920377842482,34.26363352043668,193.86076636963838,51.439203778423746,-2644.9916853583145,3.681778595422032,1.8063216861892593,55.08801125435119,0.7063774551950108,0.49443494323087045,1.046256799840802,0.7828915080719394,3.1220292147022413,1.4277815140158652,-1.0449624862329836,2.913015261421578,1.1854368897060887,25.30045030906272,2.724599871942342,-6.483239438237904,13.741234649177471,8.605776633975651,41.245318230978214,21.012833569904775,-669.7647367769625,1.539397429463854,663.2814973387246,
Cavity,False,4,0.9668062423579058,1,alasso,0.001,21,True,True,False,Radau,0.20822464341120123,10,40,20,0.5,0.7117158563142855,6.674790803266366,True,51.43920235937694,17850.61059256447,3.32615777719712,1.6016356505657954,55.08801125435119,0.7117158563142855,0.4879577489007201,6.674790803266506,2.6695048385600018,41.245318230978214,6.674790803266366,-43.55283226737113,51.439202359378015,34.26363292823508,193.86074154955838,51.43920235937694,-2644.9915393690408,3.681778595422032,1.8063216861892593,55.08801125435119,0.7063774551950108,0.49443494323087045,1.046256799840802,0.7828915080719394,3.1220292147022413,1.4277815140158652,-1.0449624862329836,2.913015261421578,1.1854368897060887,25.30045030906272,2.724599871942342,-6.483239438237904,13.741234649177471,8.605776633975651,41.245318230978214,21.012833569904775,-669.7647367769625,1.539397429463854,663.2814973387246,
Cavity,False,4,0.9668062423579058,1,alasso,0.001,51,True,False,False,RK45,0.20822464341120123,8,32,22,0.3125,0.3244947934055115,19.98263396622607,True,299.43595558331793,25816.5905172048,1.4536872849089022,1.0596296435151764,6.909526809103349,0.3244947934055115,0.8934850168072312,19.982633966226487,6.666209129322075,140.781464411474,19.98263396622607,-398.3056602281886,299.43595558332413,180.9838520759214,982.468990277519,299.43595558331793,-89660.89149609847,1.5633051773004827,1.1591388719420763,6.909526809103349,0.3127426331761208,0.9008269373717143,0.8890114183918599,0.6615927298075778,2.6889884242949167,1.410318291648664,-1.0013375079666509,7.534010638401198,2.5097235999525873,75.7153630007213,7.0467067895081,-49.0560504606881,42.06522359316272,23.292151246800028,140.781464411474,64.32533647890725,-6284.8659434828505,1.9021644453383653,6235.809893022162,
Cavity,False,4,0.9668062423579058,1,alasso,0.001,51,True,False,False,Radau,0.20822464341120123,8,32,22,0.3125,0.3244947934055115,19.98263396622607,True,299.4359629386005,25816.59062823314,1.4536872849089022,1.0596296435151764,6.909526809103349,0.3244947934055115,0.8934850168072312,19.982633966226487,6.666209129322075,140.781464411474,19.98263396622607,-398.3056602281886,299.43596293860674,180.98385547845882,982.468995481799,299.4359629386005,-89660.89590097067,1.5633051773004827,1.1591388719420763,6.909526809103349,0.3127426331761208,0.9008269373717143,0.8890114183918599,0.6615927298075778,2.6889884242949167,1.410318291648664,-1.0013375079666509,7.534010638401198,2.5097235999525873,75.7153630007213,7.0467067895081,-49.0560504606881,42.06522359316272,23.292151246800028,140.781464411474,64.32533647890725,-6284.8659434828505,1.9021644453383653,6235.809893022162,
Cavity,False,4,0.9668062423579058,1,alasso,0.001,51,True,True,False,RK45,0.20822464341120123,10,40,26,0.35,0.30891989198202524,5.383608678926678,True,73.63122473117555,19483.79271543859,1.3839140971008077,0.9989736429108753,6.448900224192035,0.30891989198202524,0.9034645142715847,5.38360867892679,2.2633039680039655,33.655919717915964,5.383608678926678,-27.98324240781586,73.63122473117708,43.02468002179228,294.26558430860393,73.63122473117555,-5420.557255413104,1.500960776672513,1.1030416349005847,6.448900224192035,0.3002704989445647,0.9085792290177742,0.7513708327678841,0.5827016749520378,2.114455014724864,1.1919667254450854,-0.42959928167643935,2.3330815166176517,1.0395263563014976,20.35522074043589,2.182176552794772,-3.8002510103311042,11.096987635676072,7.158414414813836,33.655919717915964,16.969301541598384,-436.4504983358775,1.3381785106942137,432.6502473255464,
Cavity,False,4,0.9668062423579058,1,alasso,0.001,51,True,True,False,Radau,0.20822464341120123,10,40,26,0.35,0.30891989198202524,5.383608678926678,True,73.63122649963152,19483.7928239988,1.3839140971008077,0.9989736429108753,6.448900224192035,0.30891989198202524,0.9034645142715847,5.38360867892679,2.2633039680039655,33.655919717915964,5.383608678926678,-27.98324240781586,73.63122649963306,43.024680976140566,294.2656108724963,73.63122649963152,-5420.557515840265,1.500960776672513,1.1030416349005847,6.448900224192035,0.3002704989445647,0.9085792290177742,0.7513708327678841,0.5827016749520378,2.114455014724864,1.1919667254450854,-0.42959928167643935,2.3330815166176517,1.0395263563014976,20.35522074043589,2.182176552794772,-3.8002510103311042,11.096987635676072,7.158414414813836,33.655919717915964,16.969301541598384,-436.4504983358775,1.3381785106942137,432.6502473255464,
Cavity,False,4,0.9668062423579058,1,alasso,0.01,21,True,False,False,RK45,0.20822464341120123,8,32,15,0.53125,0.7387776309037801,4.78489602858674,True,84.18962642901815,20067.484138704487,3.452629221126641,1.707603152673634,56.848398253312894,0.7387776309037801,0.4482783969602576,4.784896028586839,1.4581069234630706,33.42336753059203,4.78489602858674,-21.895230004386107,84.1896264290199,48.531528293959425,358.13182239186125,84.18962642901815,-7086.893198257925,3.8345591596160036,1.9644758794995334,56.848398253312894,0.7356895779480698,0.4516061232548675,0.8876186672821821,0.6801122453700372,2.935760504867023,1.211294898951896,-0.4718434270705538,1.8556528796565406,0.5777714117128161,18.66709153539473,1.7356282561370167,-2.0366700166738987,10.035056531122288,4.979448970464089,33.42336753059203,15.345416779247024,-356.7324674337734,0.9234495503254213,354.6957974170995,
Cavity,False,4,0.9668062423579058,1,alasso,0.01,21,True,False,False,Radau,0.20822464341120123,8,32,15,0.53125,0.7387776309037801,4.78489602858674,True,84.18963094640135,20067.484381235216,3.452629221126641,1.707603152673634,56.848398253312894,0.7387776309037801,0.4482783969602576,4.784896028586839,1.4581069234630706,33.42336753059203,4.78489602858674,-21.895230004386107,84.18963094640311,48.531529518092825,358.1317146589844,84.18963094640135,-7086.893958891556,3.8345591596160036,1.9644758794995334,56.848398253312894,0.7356895779480698,0.4516061232548675,0.8876186672821821,0.6801122453700372,2.935760504867023,1.211294898951896,-0.4718434270705538,1.8556528796565406,0.5777714117128161,18.66709153539473,1.7356282561370167,-2.0366700166738987,10.035056531122288,4.979448970464089,33.42336753059203,15.345416779247024,-356.7324674337734,0.9234495503254213,354.6957974170995,
Cavity,False,4,0.9668062423579058,1,alasso,0.01,21,True,True,False,RK45,0.20822464341120123,10,40,16,0.6,0.7153884931018607,8.726628912837434,True,89.14805462743399,20328.149322739166,3.3433216064211524,1.6210110732282024,55.864047598198944,0.7153884931018607,0.48265957480549126,8.726628912837615,3.0751559049473456,57.85464646463827,8.726628912837434,-75.15405218237342,89.14805462743585,54.24276982111696,354.94835909411296,89.14805462743399,-7946.375643856288,3.7035328817230395,1.8365959780973153,55.864047598198944,0.7105511818324561,0.4884428940628548,1.0121134303019201,0.7586714537517506,3.175645799746794,1.3811875307210892,-0.9136703759160238,3.7543837322734745,1.3441185765563486,34.995507559321126,3.511548178838851,-11.43029513695101,18.010793210606476,9.999305218511337,57.85464646463827,27.54176097408384,-1151.34996031646,1.4021132699788788,1139.9196651795091,
Cavity,False,4,0.9668062423579058,1,alasso,0.01,21,True,True,False,Radau,0.20822464341120123,10,40,16,0.6,0.7153884931018607,8.726628912837434,True,89.148051594433,20328.149168959422,3.3433216064211524,1.6210110732282024,55.864047598198944,0.7153884931018607,0.48265957480549126,8.726628912837615,3.0751559049473456,57.85464646463827,8.726628912837434,-75.15405218237342,89.14805159443485,54.2427688740119,354.94830733153145,89.148051594433,-7946.375103084018,3.7035328817230395,1.8365959780973153,55.864047598198944,0.7105511818324561,0.4884428940628548,1.0121134303019201,0.7586714537517506,3.175645799746794,1.3811875307210892,-0.9136703759160238,3.7543837322734745,1.3441185765563486,34.995507559321126,3.511548178838851,-11.43029513695101,18.010793210606476,9.999305218511337,57.85464646463827,27.54176097408384,-1151.34996031646,1.4021132699788788,1139.9196651795091,
Cavity,False,4,0.9668062423579058,1,alasso,0.01,51,True,False,False,RK45,0.20822464341120123,8,32,15,0.53125,0.37516279920425016,1.6940945825138318,True,52.3721481651893,17921.854667568477,1.6806722389918842,1.2259645188877915,8.269920009362993,0.37516279920425016,0.8576246604906694,1.6940945825138671,0.5589145193367298,11.679783529871884,1.6940945825138318,-1.8699564545028338,52.37214816519039,21.147822779151944,316.2510331546093,52.3721481651893,-2741.841903436655,1.8264706803022643,1.3729008053446157,8.269920009362993,0.3653894698686318,0.8646271404345033,0.8827883611459217,0.6382193730604941,3.759035011843287,1.4004460995908843,-0.9734169498049268,0.684847252840602,0.2491845588025881,6.668922543488749,0.6405509652149834,0.5863894978813643,3.5318152887178136,1.7978343614732957,11.679783529871884,5.400784482340158,-43.31131880131817,1.8380440902394302,43.897708299199536,
Cavity,False,4,0.9668062423579058,1,alasso,0.01,51,True,False,False,Radau,0.20822464341120123,8,32,15,0.53125,0.37516279920425016,1.6940945825138318,True,52.37214812992721,17921.854664525166,1.6806722389918842,1.2259645188877915,8.269920009362993,0.37516279920425016,0.8576246604906694,1.6940945825138671,0.5589145193367298,11.679783529871884,1.6940945825138318,-1.8699564545028338,52.37214812992829,21.14782269827966,316.2510374574546,52.37214812992721,-2741.8418997431513,1.8264706803022643,1.3729008053446157,8.269920009362993,0.3653894698686318,0.8646271404345033,0.8827883611459217,0.6382193730604941,3.759035011843287,1.4004460995908843,-0.9734169498049268,0.684847252840602,0.2491845588025881,6.668922543488749,0.6405509652149834,0.5863894978813643,3.5318152887178136,1.7978343614732957,11.679783529871884,5.400784482340158,-43.31131880131817,1.8380440902394302,43.897708299199536,
Cavity,False,4,0.9668062423579058,1,alasso,0.01,51,True,True,False,RK45,0.20822464341120123,10,40,16,0.6,0.3256979475596728,4.529216438797633,True,54.52962242859761,18106.323263340353,1.4590772323941426,1.0693704654288632,6.907337391787074,0.3256979475596728,0.8926936849880037,4.529216438797727,1.4653278030226446,30.45750430841123,4.529216438797633,-19.513801549475566,54.52962242859874,35.223975296803474,208.13990852317687,54.52962242859761,-2972.479722205539,1.5842536124950604,1.1843533985965684,6.907337391787074,0.316933413632042,0.8981512730293173,0.7778777639450553,0.6094387327580418,2.0517124990778526,1.2340170401218749,-0.5322455576687615,1.952140330610993,0.6700000209958724,18.42394600683345,1.8258748470135269,-2.3606724783510264,9.34481675934771,4.646638931129734,30.45750430841123,14.289915303730307,-309.21321230832785,1.4303968306980788,306.8525398299768,
Cavity,False,4,0.9668062423579058,1,alasso,0.01,51,True,True,False,Radau,0.20822464341120123,10,40,16,0.6,0.3256979475596728,4.529216438797633,True,54.52962206736128,18106.323233397212,1.4590772323941426,1.0693704654288632,6.907337391787074,0.3256979475596728,0.8926936849880037,4.529216438797727,1.4653278030226446,30.45750430841123,4.529216438797633,-19.513801549475566,54.52962206736242,35.2239752223068,208.13989200815095,54.52962206736128,-2972.479682809378,1.5842536124950604,1.1843533985965684,6.907337391787074,0.316933413632042,0.8981512730293173,0.7778777639450553,0.6094387327580418,2.0517124990778526,1.2340170401218749,-0.5322455576687615,1.952140330610993,0.6700000209958724,18.42394600683345,1.8258748470135269,-2.3606724783510264,9.34481675934771,4.646638931129734,30.45750430841123,14.289915303730307,-309.21321230832785,1.4303968306980788,306.8525398299768,
Cavity,False,4,0.9668062423579058,1,alasso,0.1,21,True,False,False,RK45,0.20822464341120123,8,32,9,0.71875,0.7800248244074462,0.039356401621824515,True,0.9365048559814184,-278.51458483873205,3.645395297985254,1.7826435014782338,57.50434341534676,0.7800248244074462,0.38495149974725895,0.03935640162182533,0.023671526013004596,0.46565085890079716,0.039356401621824515,0.9984510736513816,0.9365048559814378,0.758796389731928,2.9043371643499416,0.9365048559814184,0.12295865472318646,4.056935208455164,2.086593380856929,57.50434341534676,0.7783541280844208,0.3861562255134141,0.7807952679495481,0.5668439839634524,2.7339016044940183,1.0655176147758916,-0.13889347178934464,0.04316478722750488,0.02624879369296422,0.46565085890079716,0.04037286563857035,0.9983569025164627,0.017083217422634488,0.013362455293166103,0.05842861796888701,0.026123329795682028,0.998963288185284,0.5250496973027587,-0.0006063856688213187,
Cavity,False,4,0.9668062423579058,1,alasso,0.1,21,True,False,False,Radau,0.20822464341120123,8,32,9,0.71875,0.7800248244074462,0.039356401621824515,True,0.9365051109423338,-278.5133542811172,3.645395297985254,1.7826435014782338,57.50434341534676,0.7800248244074462,0.38495149974725895,0.03935640162182533,0.023671526013004596,0.46565085890079716,0.039356401621824515,0.9984510736513816,0.9365051109423534,0.758796635811232,2.9043370300009994,0.9365051109423338,0.12295817717885027,4.056935208455164,2.086593380856929,57.50434341534676,0.7783541280844208,0.3861562255134141,0.7807952679495481,0.5668439839634524,2.7339016044940183,1.0655176147758916,-0.13889347178934464,0.04316478722750488,0.02624879369296422,0.46565085890079716,0.04037286563857035,0.9983569025164627,0.017083217422634488,0.013362455293166103,0.05842861796888701,0.026123329795682028,0.998963288185284,0.5250496973027587,-0.0006063856688213187,
Cavity,True,4,0.9668062423579058,1,alasso,0.1,21,True,True,False,RK45,0.20822464341120123,10,40,11,0.725,0.7573976145864997,0.0385672711701746,True,0.7272111641197726,-1417.793495846262,3.5396485041566543,1.7116409454292818,57.50434627500166,0.7573976145864997,0.4201169947030884,0.038567271170175395,0.02347108369668825,0.4264792009331114,0.0385672711701746,0.9985125655944862,0.7272111641197878,0.6134543134055837,2.33885330580089,0.7272111641197726,0.4711639227795431,3.9223173737030375,1.9434611071245937,57.50434627500166,0.7525266642455286,0.42621766273287975,1.0522658146502026,0.7843602986480341,2.821227391995246,1.435981757267441,-1.068519795656103,0.04209054211932569,0.02563494689332595,0.4264792009331114,0.03936810328015024,0.9984376686035079,0.018727442002961663,0.01481563091013744,0.05842861796888701,0.02863764661946391,0.9987541216676445,1.4947374583889828,-0.00031645306413663477,
Cavity,True,4,0.9668062423579058,1,alasso,0.1,21,True,True,False,Radau,0.20822464341120123,10,40,11,0.725,0.7573976145864997,0.0385672711701746,True,0.7272112282912108,-1417.7930969870272,3.5396485041566543,1.7116409454292818,57.50434627500166,0.7573976145864997,0.4201169947030884,0.038567271170175395,0.02347108369668825,0.4264792009331114,0.0385672711701746,0.9985125655944862,0.7272112282912261,0.6134543766535768,2.338852408082693,0.7272112282912108,0.4711638294471663,3.9223173737030375,1.9434611071245937,57.50434627500166,0.7525266642455286,0.42621766273287975,1.0522658146502026,0.7843602986480341,2.821227391995246,1.435981757267441,-1.068519795656103,0.04209054211932569,0.02563494689332595,0.4264792009331114,0.03936810328015024,0.9984376686035079,0.018727442002961663,0.01481563091013744,0.05842861796888701,0.02863764661946391,0.9987541216676445,1.4947374583889828,-0.00031645306413663477,
Cavity,False,4,0.9668062423579058,1,alasso,0.1,51,True,False,False,RK45,0.20822464341120123,8,32,10,0.6875,0.40363059367978604,0.03931569751996592,True,0.8395793173200325,-770.3415503902494,1.808203625317615,1.3224670014577895,8.500178293221268,0.40363059367978604,0.8351976535393191,0.03931569751996673,0.023907865808377993,0.40422392787674327,0.03931569751996592,0.9984542759285184,0.83957931732005,0.6795266917038634,2.024650139406809,0.8395793173200325,0.2951065699283989,1.989897710015496,1.5088731903613721,8.500178293221268,0.39808340598987335,0.8393178266404845,0.713603648925066,0.576842245843459,2.4019341807956054,1.1320532652851099,-0.28949535131907167,0.043119473886440315,0.026575416841293747,0.40422392787674327,0.040330483188709264,0.9983603504730649,0.01707232393184825,0.013237661676714993,0.059167591742974104,0.02610667167763583,0.9989646099280889,1.128813177959556,-0.0006042594550239588,
Cavity,False,4,0.9668062423579058,1,alasso,0.1,51,True,False,False,Radau,0.20822464341120123,8,32,10,0.6875,0.40363059367978604,0.03931569751996592,True,0.8395797371656545,-770.3392900895274,1.808203625317615,1.3224670014577895,8.500178293221268,0.40363059367978604,0.8351976535393191,0.03931569751996673,0.023907865808377993,0.40422392787674327,0.03931569751996592,0.9984542759285184,0.839579737165672,0.6795269913004607,2.024652082720984,0.8395797371656545,0.29510586494082114,1.989897710015496,1.5088731903613721,8.500178293221268,0.39808340598987335,0.8393178266404845,0.713603648925066,0.576842245843459,2.4019341807956054,1.1320532652851099,-0.28949535131907167,0.043119473886440315,0.026575416841293747,0.40422392787674327,0.040330483188709264,0.9983603504730649,0.01707232393184825,0.013237661676714993,0.059167591742974104,0.02610667167763583,0.9989646099280889,1.128813177959556,-0.0006042594550239588,
Cavity,True,4,0.9668062423579058,1,alasso,0.1,51,True,True,False,RK45,0.20822464341120123,10,40,11,0.725,0.38821942169424645,0.03905496278865856,True,0.643687721216027,-1969.2479209266126,1.7391639204711746,1.3254066850989414,7.6987873470760055,0.38821942169424645,0.8475421629217023,0.03905496278865937,0.024117562611833714,0.4060142383929801,0.03905496278865856,0.9984747098815764,0.6436877212160406,0.49314683593138214,2.7221463346811894,0.643687721216027,0.5856661175557009,1.843244598877594,1.4320243925858438,7.6987873470760055,0.3687451291091321,0.8621292516762524,1.2382459796735237,0.8989358551513315,3.3661039014381586,1.964340298185286,-2.8825719252097493,0.04245779825479352,0.02617295311030935,0.4060142383929801,0.039711605091801355,0.9984102857773914,0.02039097990629325,0.015896000617931155,0.061047014443357805,0.031181497007902424,0.9985229509940992,3.744701176886002,-0.00011266521670771912,
Cavity,True,4,0.9668062423579058,1,alasso,0.1,51,True,True,False,Radau,0.20822464341120123,10,40,11,0.725,0.38821942169424645,0.03905496278865856,True,0.6436877394444759,-1969.2477929257452,1.7391639204711746,1.3254066850989414,7.6987873470760055,0.38821942169424645,0.8475421629217023,0.03905496278865937,0.024117562611833714,0.4060142383929801,0.03905496278865856,0.9984747098815764,0.6436877394444892,0.49314684990193824,2.7221463237245067,0.6436877394444759,0.5856660940888434,1.843244598877594,1.4320243925858438,7.6987873470760055,0.3687451291091321,0.8621292516762524,1.2382459796735237,0.8989358551513315,3.3661039014381586,1.964340298185286,-2.8825719252097493,0.04245779825479352,0.02617295311030935,0.4060142383929801,0.039711605091801355,0.9984102857773914,0.02039097990629325,0.015896000617931155,0.061047014443357805,0.031181497007902424,0.9985229509940992,3.744701176886002,-0.00011266521670771912,
Cavity,False,4,0.9668062423579058,1,tlsa_norm,0.001,21,True,False,False,RK45,0.20822464341120123,8,32,32,0.0,0.7219171459537115,18.271690443115922,True,136.26202276485213,22277.90010897129,3.373832841017299,1.634805072973837,55.55953213188896,0.7219171459537115,0.4731739657602607,18.2716904431163,7.272762688852001,115.21377346652892,18.271690443115922,-332.8546716490675,136.26202276485495,64.54971344287051,778.8487027259313,136.26202276485213,-18566.33884796985,3.7416579808292805,1.8709758594505228,55.55953213188896,0.7178657744370224,0.4778564884693066,0.9558882851152191,0.690121927067094,3.1684517827891914,1.3044595009174647,-0.7069587911378494,6.899581794824013,2.691888196334246,62.4964451238737,6.453313143803899,-40.980698149446184,38.45590256997578,25.596260658923025,115.21377346652892,58.806031707765364,-5252.451521268076,1.184815279607156,5211.4708231186305,
Cavity,False,4,0.9668062423579058,1,tlsa_norm,0.001,21,True,False,False,Radau,0.20822464341120123,8,32,32,0.0,0.7219171459537115,18.271690443115922,True,136.2620233945784,22277.90012986018,3.373832841017299,1.634805072973837,55.55953213188896,0.7219171459537115,0.4731739657602607,18.2716904431163,7.272762688852001,115.21377346652892,18.271690443115922,-332.8546716490675,136.2620233945812,64.54971508736602,778.8487123038838,136.2620233945784,-18566.339019585397,3.7416579808292805,1.8709758594505228,55.55953213188896,0.7178657744370224,0.4778564884693066,0.9558882851152191,0.690121927067094,3.1684517827891914,1.3044595009174647,-0.7069587911378494,6.899581794824013,2.691888196334246,62.4964451238737,6.453313143803899,-40.980698149446184,38.45590256997578,25.596260658923025,115.21377346652892,58.806031707765364,-5252.451521268076,1.184815279607156,5211.4708231186305,
Cavity,False,4,0.9668062423579058,1,tlsa_norm,0.001,21,True,True,False,RK45,0.20822464341120123,10,40,40,0.0,0.7106518246190018,6.787678347317564,True,78.46567598353474,19799.22898808573,3.3211850942548296,1.5952114971156386,54.961887710924344,0.7106518246190018,0.4894876344963178,6.787678347317706,2.963715971432902,42.58327015984983,6.787678347317564,-45.072577346645616,78.46567598353637,39.30776328393664,408.79573744292736,78.46567598353474,-6155.862307553316,3.676714574679831,1.8014551760219788,54.961887710924344,0.705405883985004,0.4958247232994355,1.0384757565056344,0.7702367814902782,3.122714244725347,1.4171630598893072,-1.0146586967013183,2.969391594832924,1.3130168757751846,25.971479861857144,2.7773297538716846,-6.775692389007438,13.96759610524912,9.566512354063773,42.58327015984983,21.358981185058088,-692.0459784994696,1.5104834200007538,685.2702861104622,
Cavity,False,4,0.9668062423579058,1,tlsa_norm,0.001,21,True,True,False,Radau,0.20822464341120123,10,40,40,0.0,0.7106518246190018,6.787678347317564,True,78.4656760254419,19799.22899049978,3.3211850942548296,1.5952114971156386,54.961887710924344,0.7106518246190018,0.4894876344963178,6.787678347317706,2.963715971432902,42.58327015984983,6.787678347317564,-45.072577346645616,78.46567602544353,39.30776372191337,408.7957383034031,78.4656760254419,-6155.862314129863,3.676714574679831,1.8014551760219788,54.961887710924344,0.705405883985004,0.4958247232994355,1.0384757565056344,0.7702367814902782,3.122714244725347,1.4171630598893072,-1.0146586967013183,2.969391594832924,1.3130168757751846,25.971479861857144,2.7773297538716846,-6.775692389007438,13.96759610524912,9.566512354063773,42.58327015984983,21.358981185058088,-692.0459784994696,1.5104834200007538,685.2702861104622,
Cavity,False,4,0.9668062423579058,1,tlsa_norm,0.001,51,True,False,False,RK45,0.20822464341120123,8,32,32,0.0,0.32622543185297864,13.244098241970795,True,154.77123822308803,22853.605612237407,1.4614402817427017,1.0515990457736502,7.658016310033069,0.32622543185297864,0.8923458275244449,13.24409824197107,5.177146195899203,89.11630640601899,13.244098241970795,-174.4061382429812,154.77123822309127,82.91945539143224,688.4078818346616,154.77123822308803,-23953.13618110887,1.5923712444014435,1.1720066390066626,7.658016310033069,0.3185573637183206,0.8971048640032777,0.7324300413790602,0.5699686728416005,2.152098447851765,1.1619192547362387,-0.35843216020098967,5.022193685704895,1.9616235791063092,48.21034378707158,4.697355504503447,-21.242880925496873,27.8593067671823,18.03923666307078,89.11630640601899,42.60191979959856,-2756.143195988564,1.2555370242042674,2734.900315063067,
Cavity,False,4,0.9668062423579058,1,tlsa_norm,0.001,51,True,False,False,Radau,0.20822464341120123,8,32,32,0.0,0.32622543185297864,13.244098241970795,True,154.77124016998582,22853.60566909537,1.4614402817427017,1.0515990457736502,7.658016310033069,0.32622543185297864,0.8923458275244449,13.24409824197107,5.177146195899203,89.11630640601899,13.244098241970795,-174.4061382429812,154.77124016998906,82.91945705980207,688.4079372549756,154.77124016998582,-23953.136783756432,1.5923712444014435,1.1720066390066626,7.658016310033069,0.3185573637183206,0.8971048640032777,0.7324300413790602,0.5699686728416005,2.152098447851765,1.1619192547362387,-0.35843216020098967,5.022193685704895,1.9616235791063092,48.21034378707158,4.697355504503447,-21.242880925496873,27.8593067671823,18.03923666307078,89.11630640601899,42.60191979959856,-2756.143195988564,1.2555370242042674,2734.900315063067,
Cavity,False,4,0.9668062423579058,1,tlsa_norm,0.001,51,True,True,False,RK45,0.20822464341120123,10,40,40,0.0,0.30738855630466055,6.0858126025616155,True,130.05523698851968,22083.175855755457,1.3770539463423006,0.994928968383818,6.377610320880511,0.30738855630466055,0.9044192073182126,6.0858126025617425,2.691952632692728,38.3288803793543,6.0858126025616155,-36.03711503349933,130.0552369885224,71.13342376552178,575.5590624942106,130.05523698851968,-16913.36466814073,1.491525267212503,1.097684681021407,6.377610320880511,0.2983829045600969,0.9097250154648006,0.7634116613932519,0.5839061178334628,2.20346545673151,1.2110681683575746,-0.47578548991838154,2.5831928468774112,1.1486756433447314,22.93629798330581,2.4161105480682856,-4.8846112859599025,12.58944137088148,8.865060590084715,38.3288803793543,19.251533287821506,-562.0301226533085,1.385510505383182,557.1455113673486,
Cavity,False,4,0.9668062423579058,1,tlsa_norm,0.001,51,True,True,False,Radau,0.20822464341120123,10,40,40,0.0,0.30738855630466055,6.0858126025616155,True,130.05523813756355,22083.175895689856,1.3770539463423006,0.994928968383818,6.377610320880511,0.30738855630466055,0.9044192073182126,6.0858126025617425,2.691952632692728,38.3288803793543,6.0858126025616155,-36.03711503349933,130.05523813756622,71.13342510407496,575.5590372087198,130.05523813756355,-16913.364967019057,1.491525267212503,1.097684681021407,6.377610320880511,0.2983829045600969,0.9097250154648006,0.7634116613932519,0.5839061178334628,2.20346545673151,1.2110681683575746,-0.47578548991838154,2.5831928468774112,1.1486756433447314,22.93629798330581,2.4161105480682856,-4.8846112859599025,12.58944137088148,8.865060590084715,38.3288803793543,19.251533287821506,-562.0301226533085,1.385510505383182,557.1455113673486,
Cavity,False,4,0.9668062423579058,1,tlsa_norm,0.01,21,True,False,False,RK45,0.20822464341120123,8,32,31,0.03125,0.721917142973651,18.271691474448144,True,136.29124850840904,22276.869463408068,3.3738328270901805,1.6348044902972207,55.55953213188896,0.721917142973651,0.47317397010971685,18.271691474448524,7.272995897807363,115.21377346652892,18.271691474448144,-332.8547093374349,136.29124850841188,64.55401977897904,779.1267871841685,136.29124850840904,-18574.304419981683,3.7416580003508497,1.8709753106114613,55.55953213188896,0.7178657781823853,0.47785648302088735,0.9558877336792783,0.6901212090402588,3.1684517827891914,1.304458748396628,-0.7069568217065465,6.899582593572454,2.6919726425684405,62.4964451238737,6.453313890888864,-40.980707869461156,38.45590444684746,25.597088918763063,115.21377346652892,58.806034577841686,-5252.452034066059,1.1848133047274338,5211.471326196598,
Cavity,False,4,0.9668062423579058,1,tlsa_norm,0.01,21,True,False,False,Radau,0.20822464341120123,8,32,31,0.03125,0.721917142973651,18.271691474448144,True,136.291249133604,22276.8694841422,3.3738328270901805,1.6348044902972207,55.55953213188896,0.721917142973651,0.47317397010971685,18.271691474448524,7.272995897807363,115.21377346652892,18.271691474448144,-332.8547093374349,136.29124913360684,64.55402142218395,779.1267967475297,136.291249133604,-18574.304590398886,3.7416580003508497,1.8709753106114613,55.55953213188896,0.7178657781823853,0.47785648302088735,0.9558877336792783,0.6901212090402588,3.1684517827891914,1.304458748396628,-0.7069568217065465,6.899582593572454,2.6919726425684405,62.4964451238737,6.453313890888864,-40.980707869461156,38.45590444684746,25.597088918763063,115.21377346652892,58.806034577841686,-5252.452034066059,1.1848133047274338,5211.471326196598,
Cavity,False,4,0.9668062423579058,1,tlsa_norm,0.01,21,True,True,False,RK45,0.20822464341120123,10,40,40,0.0,0.7106518246190018,6.787678347317564,True,78.46567598353474,19799.22898808573,3.3211850942548296,1.5952114971156386,54.961887710924344,0.7106518246190018,0.4894876344963178,6.787678347317706,2.963715971432902,42.58327015984983,6.787678347317564,-45.072577346645616,78.46567598353637,39.30776328393664,408.79573744292736,78.46567598353474,-6155.862307553316,3.676714574679831,1.8014551760219788,54.961887710924344,0.705405883985004,0.4958247232994355,1.0384757565056344,0.7702367814902782,3.122714244725347,1.4171630598893072,-1.0146586967013183,2.969391594832924,1.3130168757751846,25.971479861857144,2.7773297538716846,-6.775692389007438,13.96759610524912,9.566512354063773,42.58327015984983,21.358981185058088,-692.0459784994696,1.5104834200007538,685.2702861104622,
Cavity,False,4,0.9668062423579058,1,tlsa_norm,0.01,21,True,True,False,Radau,0.20822464341120123,10,40,40,0.0,0.7106518246190018,6.787678347317564,True,78.4656760254419,19799.22899049978,3.3211850942548296,1.5952114971156386,54.961887710924344,0.7106518246190018,0.4894876344963178,6.787678347317706,2.963715971432902,42.58327015984983,6.787678347317564,-45.072577346645616,78.46567602544353,39.30776372191337,408.7957383034031,78.4656760254419,-6155.862314129863,3.676714574679831,1.8014551760219788,54.961887710924344,0.705405883985004,0.4958247232994355,1.0384757565056344,0.7702367814902782,3.122714244725347,1.4171630598893072,-1.0146586967013183,2.969391594832924,1.3130168757751846,25.971479861857144,2.7773297538716846,-6.775692389007438,13.96759610524912,9.566512354063773,42.58327015984983,21.358981185058088,-692.0459784994696,1.5104834200007538,685.2702861104622,
Cavity,False,4,0.9668062423579058,1,tlsa_norm,0.01,51,True,False,False,RK45,0.20822464341120123,8,32,32,0.0,0.32622543185297864,13.244098241970795,True,154.77123822308803,22853.605612237407,1.4614402817427017,1.0515990457736502,7.658016310033069,0.32622543185297864,0.8923458275244449,13.24409824197107,5.177146195899203,89.11630640601899,13.244098241970795,-174.4061382429812,154.77123822309127,82.91945539143224,688.4078818346616,154.77123822308803,-23953.13618110887,1.5923712444014435,1.1720066390066626,7.658016310033069,0.3185573637183206,0.8971048640032777,0.7324300413790602,0.5699686728416005,2.152098447851765,1.1619192547362387,-0.35843216020098967,5.022193685704895,1.9616235791063092,48.21034378707158,4.697355504503447,-21.242880925496873,27.8593067671823,18.03923666307078,89.11630640601899,42.60191979959856,-2756.143195988564,1.2555370242042674,2734.900315063067,
Cavity,False,4,0.9668062423579058,1,tlsa_norm,0.01,51,True,False,False,Radau,0.20822464341120123,8,32,32,0.0,0.32622543185297864,13.244098241970795,True,154.77124016998582,22853.60566909537,1.4614402817427017,1.0515990457736502,7.658016310033069,0.32622543185297864,0.8923458275244449,13.24409824197107,5.177146195899203,89.11630640601899,13.244098241970795,-174.4061382429812,154.77124016998906,82.91945705980207,688.4079372549756,154.77124016998582,-23953.136783756432,1.5923712444014435,1.1720066390066626,7.658016310033069,0.3185573637183206,0.8971048640032777,0.7324300413790602,0.5699686728416005,2.152098447851765,1.1619192547362387,-0.35843216020098967,5.022193685704895,1.9616235791063092,48.21034378707158,4.697355504503447,-21.242880925496873,27.8593067671823,18.03923666307078,89.11630640601899,42.60191979959856,-2756.143195988564,1.2555370242042674,2734.900315063067,
Cavity,False,4,0.9668062423579058,1,tlsa_norm,0.01,51,True,True,False,RK45,0.20822464341120123,10,40,40,0.0,0.30738855630466055,6.0858126025616155,True,130.05523698851968,22083.175855755457,1.3770539463423006,0.994928968383818,6.377610320880511,0.30738855630466055,0.9044192073182126,6.0858126025617425,2.691952632692728,38.3288803793543,6.0858126025616155,-36.03711503349933,130.0552369885224,71.13342376552178,575.5590624942106,130.05523698851968,-16913.36466814073,1.491525267212503,1.097684681021407,6.377610320880511,0.2983829045600969,0.9097250154648006,0.7634116613932519,0.5839061178334628,2.20346545673151,1.2110681683575746,-0.47578548991838154,2.5831928468774112,1.1486756433447314,22.93629798330581,2.4161105480682856,-4.8846112859599025,12.58944137088148,8.865060590084715,38.3288803793543,19.251533287821506,-562.0301226533085,1.385510505383182,557.1455113673486,
Cavity,False,4,0.9668062423579058,1,tlsa_norm,0.01,51,True,True,False,Radau,0.20822464341120123,10,40,40,0.0,0.30738855630466055,6.0858126025616155,True,130.05523813756355,22083.175895689856,1.3770539463423006,0.994928968383818,6.377610320880511,0.30738855630466055,0.9044192073182126,6.0858126025617425,2.691952632692728,38.3288803793543,6.0858126025616155,-36.03711503349933,130.05523813756622,71.13342510407496,575.5590372087198,130.05523813756355,-16913.364967019057,1.491525267212503,1.097684681021407,6.377610320880511,0.2983829045600969,0.9097250154648006,0.7634116613932519,0.5839061178334628,2.20346545673151,1.2110681683575746,-0.47578548991838154,2.5831928468774112,1.1486756433447314,22.93629798330581,2.4161105480682856,-4.8846112859599025,12.58944137088148,8.865060590084715,38.3288803793543,19.251533287821506,-562.0301226533085,1.385510505383182,557.1455113673486,
Cavity,False,4,0.9668062423579058,1,tlsa_norm,0.1,21,True,False,False,RK45,0.20822464341120123,8,32,29,0.09375,0.7219414924983728,18.256582264392655,True,136.58072527019812,22282.45956851127,3.373946623010709,1.634607839547922,55.55953213188896,0.7219414924983728,0.47313843090719,18.256582264393035,7.184891504770136,115.21377346652892,18.256582264392655,-332.3027959765503,136.58072527020093,65.95731180067175,784.8016563443439,136.58072527019812,-18653.294515334106,3.7418242426450923,1.8711151833584896,55.55953213188896,0.7178976730412718,0.4778100841974261,0.9552928468489486,0.6885784643056507,3.1684517827891914,1.3036469320056563,-0.7048328690262968,6.893853136638055,2.659393504136482,62.4964451238737,6.447955018301926,-40.91101472871659,38.42412179353764,25.28688350730475,115.21377346652892,58.757433151444445,-5243.771980909746,1.182642953223723,5202.86096618103,
Cavity,False,4,0.9668062423579058,1,tlsa_norm,0.1,21,True,False,False,Radau,0.20822464341120123,8,32,29,0.09375,0.7219414924983728,18.256582264392655,True,136.58072607218847,22282.45959505232,3.373946623010709,1.634607839547922,55.55953213188896,0.7219414924983728,0.47313843090719,18.256582264393035,7.184891504770136,115.21377346652892,18.256582264392655,-332.3027959765503,136.5807260721913,65.95731385866127,784.8016705971783,136.58072607218847,-18653.294734406958,3.7418242426450923,1.8711151833584896,55.55953213188896,0.7178976730412718,0.4778100841974261,0.9552928468489486,0.6885784643056507,3.1684517827891914,1.3036469320056563,-0.7048328690262968,6.893853136638055,2.659393504136482,62.4964451238737,6.447955018301926,-40.91101472871659,38.42412179353764,25.28688350730475,115.21377346652892,58.757433151444445,-5243.771980909746,1.182642953223723,5202.86096618103,
Cavity,False,4,0.9668062423579058,1,tlsa_norm,0.1,21,True,True,False,RK45,0.20822464341120123,10,40,38,0.050000000000000044,0.710653302102406,6.791312850886758,True,73.78759012561096,19517.38134018216,3.3211919991774494,1.5950604154613468,54.961887710924344,0.710653302102406,0.48948551172872445,6.7913128508869,2.9602134273305727,42.58327015984983,6.791312850886758,-45.12193023862155,73.7875901256125,39.39073663148138,382.1035048497595,73.78759012561096,-5443.6084565453875,3.676734979807033,1.8013146949634664,54.961887710924344,0.7054097988651232,0.4958191271134973,1.0382971781022166,0.7700432974528686,3.122714244725347,1.4169193616469244,-1.0139658666618017,2.97069929065984,1.3122132922122038,25.971479861857144,2.778552867231144,-6.7825426000144695,13.97531516964824,9.552213967804047,42.58327015984983,21.370785030904198,-692.8122012226125,1.509784993775299,686.029658622598,
Cavity,False,4,0.9668062423579058,1,tlsa_norm,0.1,21,True,True,False,Radau,0.20822464341120123,10,40,38,0.050000000000000044,0.710653302102406,6.791312850886758,True,73.7875904067215,19517.381357402126,3.3211919991774494,1.5950604154613468,54.961887710924344,0.710653302102406,0.48948551172872445,6.7913128508869,2.9602134273305727,42.58327015984983,6.791312850886758,-45.12193023862155,73.78759040672304,39.39073735643729,382.1035082164884,73.7875904067215,-5443.608498030327,3.676734979807033,1.8013146949634664,54.961887710924344,0.7054097988651232,0.4958191271134973,1.0382971781022166,0.7700432974528686,3.122714244725347,1.4169193616469244,-1.0139658666618017,2.97069929065984,1.3122132922122038,25.971479861857144,2.778552867231144,-6.7825426000144695,13.97531516964824,9.552213967804047,42.58327015984983,21.370785030904198,-692.8122012226125,1.509784993775299,686.029658622598,
Cavity,False,4,0.9668062423579058,1,tlsa_norm,0.1,51,True,False,False,RK45,0.20822464341120123,8,32,30,0.0625,0.3262410470438412,13.236827532685727,True,153.47514897488088,22811.59473412202,1.4615102354210647,1.0517292426348996,7.658016310033069,0.3262410470438412,0.8923355212728853,13.236827532686002,5.14607108550285,89.11630640601899,13.236827532685727,-174.2136031300742,153.47514897488406,84.18527570944376,682.1920903319208,153.47514897488088,-23553.621352862858,1.5924567999357913,1.1721200921059753,7.658016310033069,0.31857447929081617,0.8970938069274041,0.7323839174611321,0.5701658447505964,2.152098447851765,1.1618460842416976,-0.35826107426218967,5.019506548651867,1.9503725860553713,48.21034378707158,4.694842172916232,-21.2190850771938,27.843962212345694,17.928865083292767,89.11630640601899,42.57845519942123,-2753.106833009508,1.2553548811895938,2731.887747932314,
Cavity,False,4,0.9668062423579058,1,tlsa_norm,0.1,51,True,False,False,Radau,0.20822464341120123,8,32,30,0.0625,0.3262410470438412,13.236827532685727,True,153.47515131153477,22811.594802938864,1.4615102354210647,1.0517292426348996,7.658016310033069,0.3262410470438412,0.8923355212728853,13.236827532686002,5.14607108550285,89.11630640601899,13.236827532685727,-174.2136031300742,153.47515131153796,84.18527745787293,682.1921774593872,153.47515131153477,-23553.622070099475,1.5924567999357913,1.1721200921059753,7.658016310033069,0.31857447929081617,0.8970938069274041,0.7323839174611321,0.5701658447505964,2.152098447851765,1.1618460842416976,-0.35826107426218967,5.019506548651867,1.9503725860553713,48.21034378707158,4.694842172916232,-21.2190850771938,27.843962212345694,17.928865083292767,89.11630640601899,42.57845519942123,-2753.106833009508,1.2553548811895938,2731.887747932314,
Cavity,False,4,0.9668062423579058,1,tlsa_norm,0.1,51,True,True,False,RK45,0.20822464341120123,10,40,37,0.07499999999999996,0.3073908173025765,6.089233310263037,True,134.51196009301907,22229.47209206371,1.3770640752688301,0.9948389855582601,6.377610320880511,0.3073908173025765,0.9044178012231358,6.089233310263164,2.715085052944187,38.3288803793543,6.089233310263037,-36.07876230681849,134.51196009302188,71.04144868893717,587.6608744784447,134.51196009301907,-18092.46740806671,1.4915623826207043,1.0977611423291584,6.377610320880511,0.29839032957899964,0.9097205225679473,0.7632129270284814,0.5831503584746678,2.20346545673151,1.2107528982676563,-0.4750172252151075,2.5844057563269804,1.1567896710968297,22.93629798330581,2.4172450058841233,-4.89013869078483,12.596713820705315,8.948266580333618,38.3288803793543,19.26265417918936,-562.6807934570002,1.384737747783055,557.7906547662153,
Cavity,False,4,0.9668062423579058,1,tlsa_norm,0.1,51,True,True,False,Radau,0.20822464341120123,10,40,37,0.07499999999999996,0.3073908173025765,6.089233310263037,True,134.51196087555508,22229.472118359234,1.3770640752688301,0.9948389855582601,6.377610320880511,0.3073908173025765,0.9044178012231358,6.089233310263164,2.715085052944187,38.3288803793543,6.089233310263037,-36.07876230681849,134.51196087555786,71.04144987443372,587.6608686559373,134.51196087555508,-18092.467618587605,1.4915623826207043,1.0977611423291584,6.377610320880511,0.29839032957899964,0.9097205225679473,0.7632129270284814,0.5831503584746678,2.20346545673151,1.2107528982676563,-0.4750172252151075,2.5844057563269804,1.1567896710968297,22.93629798330581,2.4172450058841233,-4.89013869078483,12.596713820705315,8.948266580333618,38.3288803793543,19.26265417918936,-562.6807934570002,1.384737747783055,557.7906547662153,
