caso,requested_time,actual_time,index,trajectory,campo,rel_l2,r2
Laminar,0.0,0.0,0,free_integration,alpha.water,0.17152279920366123,0.9635641068139782
Laminar,0.0,0.0,0,free_integration,|U|,0.3868120463513617,0.5625555435071738
Laminar,0.25,0.25,250,free_integration,alpha.water,0.2409038762873316,0.9328650858313899
Laminar,0.25,0.25,250,free_integration,|U|,0.26762042437208616,0.6945135679773754
Laminar,0.5,0.5,500,free_integration,alpha.water,0.11099147289956952,0.9852956299275998
Laminar,0.5,0.5,500,free_integration,|U|,0.31167335116272354,0.7978328657441469
Laminar,0.75,0.75,750,free_integration,alpha.water,0.115964523348724,0.9838677023610384
Laminar,0.75,0.75,750,free_integration,|U|,0.1577148070627434,0.9255896779575419
Laminar,1.0,1.0,1000,free_integration,alpha.water,0.1693809271264693,0.9625228002954558
Laminar,1.0,1.0,1000,free_integration,|U|,0.4662459684385723,0.31361313604466723
URANS,0.0,0.0,0,free_integration,alpha.water,0.0,1.0
URANS,0.0,0.0,0,free_integration,|U|,0.0,1.0
URANS,0.25,0.25,250,free_integration,alpha.water,0.2140748378369492,0.9466026081435649
URANS,0.25,0.25,250,free_integration,|U|,0.2887505078773497,0.6899242460966456
URANS,0.5,0.5,500,free_integration,alpha.water,0.45877340476606293,0.7468968277315633
URANS,0.5,0.5,500,free_integration,|U|,0.6120203137141531,0.35013787352823567
URANS,0.75,0.75,750,free_integration,alpha.water,0.23774570315749424,0.9317877730177943
URANS,0.75,0.75,750,free_integration,|U|,0.3764540122949996,0.5971794455497286
URANS,1.0,1.0,1000,free_integration,alpha.water,0.1573638574642721,0.970422327003724
URANS,1.0,1.0,1000,free_integration,|U|,0.3301837846386118,0.7098463167044171
LES--WALE,0.0,0.0,0,free_integration,alpha.water,0.11345272720387045,0.9832162264680059
LES--WALE,0.0,0.0,0,free_integration,|U|,0.2624940720954721,0.7985854549249123
LES--WALE,0.25,0.25,25,free_integration,alpha.water,0.16333327081108048,0.9681643677539211
LES--WALE,0.25,0.25,25,free_integration,|U|,0.3107565009180754,0.5923158824559793
LES--WALE,0.5,0.5,50,free_integration,alpha.water,0.3077049998467944,0.8807586587095545
LES--WALE,0.5,0.5,50,free_integration,|U|,0.9216182304410014,-0.8117794295122676
LES--WALE,0.75,0.75,75,free_integration,alpha.water,0.09607314592368542,0.988667813858582
LES--WALE,0.75,0.75,75,free_integration,|U|,0.15581084090600736,0.8968689077363086
LES--WALE,1.0,1.0,100,free_integration,alpha.water,0.2073571981511522,0.9435668913963994
LES--WALE,1.0,1.0,100,free_integration,|U|,0.6114941219576429,-0.25016837575378736
Cavity,0.0,0.0010000000474974513,0,free_integration,p,1.3161979951284585e-08,0.9866128081478749
Cavity,0.0,0.0010000000474974513,0,free_integration,|U|,0.16045964756889902,0.9624779204566452
Cavity,0.25,0.24549999833106995,32,free_integration,p,2.8461450607129467e-08,0.8920106519286302
Cavity,0.25,0.24549999833106995,32,free_integration,|U|,0.21184869196110043,0.9383565764281128
Cavity,0.5,0.49549999833106995,64,free_integration,p,1.552178705796643e-08,0.9367444888683855
Cavity,0.5,0.49549999833106995,64,free_integration,|U|,0.09520551792506772,0.9855753925771484
Cavity,0.75,0.7524999976158142,93,free_integration,p,1.9592151158886046e-08,0.8526680175546842
Cavity,0.75,0.7524999976158142,93,free_integration,|U|,0.11647271718786761,0.9736573977698498
Cavity,1.0,1.0015000104904175,123,free_integration,p,3.068981851482767e-08,0.4625430232617781
Cavity,1.0,1.0015000104904175,123,free_integration,|U|,0.17313258385988978,0.9310232510907875
