caso,alpha,n,aceitos,taxa_aceitacao,free_rel_l2_min,free_rel_l2_mediana,derivative_rel_l2_mediana
Laminar,0.001,16,12,0.75,0.6336838402156747,0.7267970009676676,0.8612716766457207
Laminar,0.01,16,8,0.5,0.7217467412736026,0.805290215492101,0.8616367626145238
Laminar,0.1,16,8,0.5,0.6890752454852598,0.8900005133115041,0.8772114487358582
URANS,0.001,16,14,0.875,0.5598786395274168,0.7045719356383221,0.8672801964302896
URANS,0.01,16,14,0.875,0.5509056245385466,0.6934603042600577,0.8774737208072365
URANS,0.1,16,12,0.75,0.5815844418708975,0.7340380927053236,0.8840330620171023
LES--WALE,0.001,16,0,0.0,0.8578188066377139,2.429315091489482,0.34172987004054767
LES--WALE,0.01,16,0,0.0,1.4336092056219405,3.1985633551307546,0.4102487692050367
LES--WALE,0.1,16,0,0.0,1.6509692547289703,4.0845584160866215,0.45402839400450057
Cavity,0.001,16,0,0.0,51.43920235937694,133.15863045120784,0.5184386282359902
Cavity,0.01,16,0,0.0,52.37214812992721,86.66884127041718,0.542907311911626
Cavity,0.1,16,4,0.25,0.643687721216027,37.36204761827665,0.557141947891096
