period,index_start,index_end,time_start,time_end,split,rmse,mae,max_abs,rel_l2,r2,baseline_rmse,learning_gain_vs_persistence
0,0,49,0.0,0.04899999871850014,train,0.3954420876879367,0.34357365350868285,0.815473652621912,0.420387493360893,0.7872003358079316,0.08785930594092774,-3.500856038509018
1,50,99,0.05000000074505806,0.0989999994635582,train,0.2636034975654256,0.20699379167325518,0.5118766446597419,0.2720260715078149,0.9130484642258802,0.004740951706890278,-54.60138845681874
2,100,149,0.10000000149011612,0.14900000393390656,train,0.4026349609061418,0.342743089715571,1.0211567588422676,0.391763686288182,0.8348024241461662,0.007842746393765164,-50.33851595340256
3,150,199,0.15000000596046448,0.19900000095367432,train,0.5083677955913832,0.40881905484870384,1.0548698874595566,0.5798613551045462,0.6236622705706578,0.021685021595045692,-22.443269048165725
4,200,249,0.20000000298023224,0.24899999797344208,train,0.36583377825322827,0.28790581397069626,1.2183801464593746,0.356974934004649,0.7690496263674482,0.021975906635981406,-15.647039155035241
5,250,299,0.25,0.29899999499320984,train,0.641559393094031,0.5327589409843689,1.3523818890320842,0.46832608171596884,0.7633856589486945,0.033437008767553504,-18.187104849444495
6,300,349,0.30000001192092896,0.3490000069141388,train,0.801448251617173,0.5692946314134132,2.586161178993052,0.556244342325175,0.6707172702101765,0.0880948830106934,-8.097557363357774
7,350,399,0.3499999940395355,0.39899998903274536,train,0.363982167886203,0.29459084615186415,0.803265295919338,0.4051123024292964,0.6469573070696607,0.027987014888515644,-12.005394441782936
8,400,449,0.4000000059604645,0.4490000009536743,train,0.3452855276824866,0.3062186503110458,0.6399808015395128,0.43566348861102927,-1.047126228045856,0.007701485153218756,-43.83362893887349
9,450,499,0.44999998807907104,0.49900001287460327,train,0.6465545783709559,0.6300623336755424,0.9476658482754212,0.7130670182684696,-9.107107637769335,0.0057860093115384235,-110.74447593263568
10,500,549,0.5,0.5490000247955322,train,0.7517900482632671,0.6851477149426104,0.9588007386095574,0.8388637147982384,-2.3583612448955646,0.008196505006309735,-90.72080631840184
11,550,599,0.550000011920929,0.5989999771118164,train,0.560840951785409,0.4985414892490219,0.9138882923358168,0.7563008441979967,0.19645199911737954,0.01146022168182221,-47.93805436818528
12,600,649,0.6000000238418579,0.6489999890327454,train,0.44965653297919006,0.36447605615864026,0.8231699845748043,0.53840477978013,0.7100827458353907,0.010971054195189036,-39.98571795729394
13,650,699,0.6499999761581421,0.6990000009536743,train,0.798456211303576,0.745985035897594,1.2520156743657909,0.6906446538366046,0.37357365026140654,0.014928716607244938,-52.48458492825826
14,700,749,0.699999988079071,0.7490000128746033,train,0.7028840281892806,0.6276039099312287,1.1977453037323849,0.7067974595451019,0.1924395720896348,0.02040775165478865,-33.44201203761258
15,750,799,0.75,0.7990000247955322,train,0.5729324515047881,0.5055752332478034,0.9674968973978627,0.652757541101173,0.4743857911155873,0.015518120526721746,-35.92022178080748
16,800,849,0.800000011920929,0.8489999771118164,train,0.6761347970726018,0.5378751189183247,1.3440643460447514,0.7973710190873666,0.3056883429988052,0.013910612923282934,-47.605679760689284
17,850,899,0.8500000238418579,0.8989999890327454,train,0.47329022037228374,0.4312727304944669,0.7516460244598284,0.5316354076939191,0.7148211557781197,0.012285833397446447,-37.5232490969747
18,900,949,0.8999999761581421,0.9490000009536743,train,0.48182366268461546,0.3893216733462079,0.8313426056127021,0.5074164558119693,0.7316520997538194,0.0071737106148173115,-66.16519364779542
19,950,1000,0.949999988079071,1.0,train/validation,0.3387381479797918,0.2741650046387614,0.7639096242518921,0.2746882335642811,0.924401281701458,0.012818545830883545,-25.425629897679112
